-- Lexi Trainer full bootstrap + seed
-- Generated: 2026-04-10T07:52:28.9209434+03:00


-- =====================================================================
-- SOURCE: supabase\migrations\20260409_000001_init_schema.sql
-- =====================================================================

BEGIN;

CREATE TABLE IF NOT EXISTS public.roles (
    id BIGINT GENERATED BY DEFAULT AS IDENTITY PRIMARY KEY,
    name TEXT NOT NULL UNIQUE
);

CREATE TABLE IF NOT EXISTS public.study_groups (
    id BIGINT GENERATED BY DEFAULT AS IDENTITY PRIMARY KEY,
    name TEXT NOT NULL,
    created_at TIMESTAMPTZ NOT NULL DEFAULT now()
);

CREATE TABLE IF NOT EXISTS public.users (
    id UUID PRIMARY KEY REFERENCES auth.users(id) ON DELETE CASCADE,
    email TEXT NOT NULL UNIQUE,
    username TEXT NOT NULL UNIQUE,
    registered_at TIMESTAMPTZ NOT NULL DEFAULT now(),
    role_id BIGINT NOT NULL REFERENCES public.roles(id) ON DELETE RESTRICT,
    study_group_id BIGINT REFERENCES public.study_groups(id) ON DELETE SET NULL
);

CREATE TABLE IF NOT EXISTS public.words (
    id BIGINT GENERATED BY DEFAULT AS IDENTITY PRIMARY KEY,
    russian_word TEXT NOT NULL,
    english_translation TEXT NOT NULL,
    transcription TEXT,
    example_sentence TEXT
);

CREATE TABLE IF NOT EXISTS public.vocabulary_sets (
    id BIGINT GENERATED BY DEFAULT AS IDENTITY PRIMARY KEY,
    theme_name TEXT NOT NULL,
    cefr_level TEXT NOT NULL,
    created_at TIMESTAMPTZ NOT NULL DEFAULT now(),
    user_id UUID NOT NULL REFERENCES public.users(id) ON DELETE RESTRICT
);

CREATE TABLE IF NOT EXISTS public.set_words_link (
    vocabulary_set_id BIGINT NOT NULL REFERENCES public.vocabulary_sets(id) ON DELETE CASCADE,
    word_id BIGINT NOT NULL REFERENCES public.words(id) ON DELETE CASCADE,
    PRIMARY KEY (vocabulary_set_id, word_id)
);

CREATE TABLE IF NOT EXISTS public.tasks (
    id BIGINT GENERATED BY DEFAULT AS IDENTITY PRIMARY KEY,
    deadline TIMESTAMPTZ,
    start_date TIMESTAMPTZ,
    translate_to_russian BOOLEAN NOT NULL DEFAULT true,
    available_after_end BOOLEAN NOT NULL DEFAULT false,
    attempts_count INTEGER NOT NULL DEFAULT 1 CHECK (attempts_count > 0),
    vocabulary_set_id BIGINT NOT NULL REFERENCES public.vocabulary_sets(id) ON DELETE CASCADE
);

CREATE TABLE IF NOT EXISTS public.statuses (
    id BIGINT GENERATED BY DEFAULT AS IDENTITY PRIMARY KEY,
    name TEXT NOT NULL UNIQUE
);

CREATE TABLE IF NOT EXISTS public.task_executions (
    id BIGINT GENERATED BY DEFAULT AS IDENTITY PRIMARY KEY,
    status_id BIGINT NOT NULL REFERENCES public.statuses(id) ON DELETE RESTRICT,
    user_id UUID NOT NULL REFERENCES public.users(id) ON DELETE CASCADE,
    task_id BIGINT NOT NULL REFERENCES public.tasks(id) ON DELETE CASCADE
);

CREATE TABLE IF NOT EXISTS public.attempts (
    id BIGINT GENERATED BY DEFAULT AS IDENTITY PRIMARY KEY,
    started_at TIMESTAMPTZ NOT NULL,
    ended_at TIMESTAMPTZ,
    task_execution_id BIGINT NOT NULL REFERENCES public.task_executions(id) ON DELETE CASCADE
);

CREATE TABLE IF NOT EXISTS public.question_answers (
    id BIGINT GENERATED BY DEFAULT AS IDENTITY PRIMARY KEY,
    entered_answer TEXT NOT NULL,
    is_correct BOOLEAN NOT NULL,
    attempt_id BIGINT NOT NULL REFERENCES public.attempts(id) ON DELETE CASCADE,
    word_id BIGINT NOT NULL REFERENCES public.words(id) ON DELETE RESTRICT
);

CREATE TABLE IF NOT EXISTS public.notifications (
    id BIGINT GENERATED BY DEFAULT AS IDENTITY PRIMARY KEY,
    sent_at TIMESTAMPTZ NOT NULL DEFAULT now(),
    type TEXT NOT NULL,
    text TEXT NOT NULL
);

CREATE TABLE IF NOT EXISTS public.notification_users_link (
    notification_id BIGINT NOT NULL REFERENCES public.notifications(id) ON DELETE CASCADE,
    user_id UUID NOT NULL REFERENCES public.users(id) ON DELETE CASCADE,
    PRIMARY KEY (notification_id, user_id)
);

CREATE TABLE IF NOT EXISTS public.achievements (
    id BIGINT GENERATED BY DEFAULT AS IDENTITY PRIMARY KEY,
    name TEXT NOT NULL,
    description TEXT,
    condition_text TEXT NOT NULL
);

CREATE TABLE IF NOT EXISTS public.user_achievements_link (
    user_id UUID NOT NULL REFERENCES public.users(id) ON DELETE CASCADE,
    achievement_id BIGINT NOT NULL REFERENCES public.achievements(id) ON DELETE CASCADE,
    received_at TIMESTAMPTZ NOT NULL DEFAULT now(),
    PRIMARY KEY (user_id, achievement_id)
);

CREATE INDEX IF NOT EXISTS idx_users_role_id ON public.users(role_id);
CREATE INDEX IF NOT EXISTS idx_users_study_group_id ON public.users(study_group_id);
CREATE INDEX IF NOT EXISTS idx_vocabulary_sets_user_id ON public.vocabulary_sets(user_id);
CREATE INDEX IF NOT EXISTS idx_set_words_link_word_id ON public.set_words_link(word_id);
CREATE INDEX IF NOT EXISTS idx_tasks_vocabulary_set_id ON public.tasks(vocabulary_set_id);
CREATE INDEX IF NOT EXISTS idx_task_executions_status_id ON public.task_executions(status_id);
CREATE INDEX IF NOT EXISTS idx_task_executions_user_id ON public.task_executions(user_id);
CREATE INDEX IF NOT EXISTS idx_task_executions_task_id ON public.task_executions(task_id);
CREATE INDEX IF NOT EXISTS idx_attempts_task_execution_id ON public.attempts(task_execution_id);
CREATE INDEX IF NOT EXISTS idx_question_answers_attempt_id ON public.question_answers(attempt_id);
CREATE INDEX IF NOT EXISTS idx_question_answers_word_id ON public.question_answers(word_id);
CREATE INDEX IF NOT EXISTS idx_notification_users_link_user_id ON public.notification_users_link(user_id);
CREATE INDEX IF NOT EXISTS idx_user_achievements_link_achievement_id ON public.user_achievements_link(achievement_id);

COMMIT;

-- =====================================================================
-- SOURCE: supabase\migrations\20260409_000002_seed_roles_statuses.sql
-- =====================================================================

BEGIN;

INSERT INTO public.roles (name)
VALUES
    ('admin'),
    ('teacher'),
    ('student')
ON CONFLICT (name) DO NOTHING;

INSERT INTO public.statuses (name)
VALUES
    ('assigned'),
    ('in_progress'),
    ('completed'),
    ('overdue')
ON CONFLICT (name) DO NOTHING;

COMMIT;

-- =====================================================================
-- SOURCE: supabase\migrations\20260409_000003_helpers_triggers.sql
-- =====================================================================

BEGIN;

CREATE OR REPLACE FUNCTION public.set_updated_at_if_present()
RETURNS trigger
LANGUAGE plpgsql
AS $$
BEGIN
    IF EXISTS (
        SELECT 1
        FROM information_schema.columns
        WHERE table_schema = TG_TABLE_SCHEMA
          AND table_name = TG_TABLE_NAME
          AND column_name = 'updated_at'
    ) THEN
        NEW.updated_at = now();
    END IF;

    RETURN NEW;
END;
$$;

CREATE OR REPLACE FUNCTION public.handle_new_auth_user()
RETURNS trigger
LANGUAGE plpgsql
SECURITY DEFINER
SET search_path = public, auth
AS $$
DECLARE
    email_value TEXT;
    username_base TEXT;
    username_value TEXT;
BEGIN
    email_value := NULLIF(trim(NEW.email), '');

    IF email_value IS NULL THEN
        email_value := NEW.id::TEXT || '@auth.local';
    END IF;

    username_base := NULLIF(split_part(email_value, '@', 1), '');

    IF username_base IS NULL THEN
        username_base := 'user_' || substr(NEW.id::TEXT, 1, 8);
    END IF;

    username_value := username_base;

    IF EXISTS (
        SELECT 1
        FROM public.users
        WHERE username = username_value
          AND id <> NEW.id
    ) THEN
        username_value := username_base || '_' || substr(NEW.id::TEXT, 1, 8);
    END IF;

    INSERT INTO public.users (id, email, username, registered_at, role_id)
    VALUES (
        NEW.id,
        email_value,
        username_value,
        now(),
        (SELECT id FROM public.roles WHERE name = 'student' LIMIT 1)
    )
    ON CONFLICT (id) DO NOTHING;

    RETURN NEW;
END;
$$;

ALTER TABLE public.users ADD COLUMN IF NOT EXISTS updated_at TIMESTAMPTZ NOT NULL DEFAULT now();
ALTER TABLE public.study_groups ADD COLUMN IF NOT EXISTS updated_at TIMESTAMPTZ NOT NULL DEFAULT now();
ALTER TABLE public.vocabulary_sets ADD COLUMN IF NOT EXISTS updated_at TIMESTAMPTZ NOT NULL DEFAULT now();
ALTER TABLE public.tasks ADD COLUMN IF NOT EXISTS updated_at TIMESTAMPTZ NOT NULL DEFAULT now();
ALTER TABLE public.task_executions ADD COLUMN IF NOT EXISTS updated_at TIMESTAMPTZ NOT NULL DEFAULT now();
ALTER TABLE public.attempts ADD COLUMN IF NOT EXISTS updated_at TIMESTAMPTZ NOT NULL DEFAULT now();
ALTER TABLE public.question_answers ADD COLUMN IF NOT EXISTS updated_at TIMESTAMPTZ NOT NULL DEFAULT now();
ALTER TABLE public.notifications ADD COLUMN IF NOT EXISTS updated_at TIMESTAMPTZ NOT NULL DEFAULT now();
ALTER TABLE public.achievements ADD COLUMN IF NOT EXISTS updated_at TIMESTAMPTZ NOT NULL DEFAULT now();

DROP TRIGGER IF EXISTS trg_users_updated_at ON public.users;
CREATE TRIGGER trg_users_updated_at
BEFORE UPDATE ON public.users
FOR EACH ROW
EXECUTE FUNCTION public.set_updated_at_if_present();

DROP TRIGGER IF EXISTS trg_study_groups_updated_at ON public.study_groups;
CREATE TRIGGER trg_study_groups_updated_at
BEFORE UPDATE ON public.study_groups
FOR EACH ROW
EXECUTE FUNCTION public.set_updated_at_if_present();

DROP TRIGGER IF EXISTS trg_vocabulary_sets_updated_at ON public.vocabulary_sets;
CREATE TRIGGER trg_vocabulary_sets_updated_at
BEFORE UPDATE ON public.vocabulary_sets
FOR EACH ROW
EXECUTE FUNCTION public.set_updated_at_if_present();

DROP TRIGGER IF EXISTS trg_tasks_updated_at ON public.tasks;
CREATE TRIGGER trg_tasks_updated_at
BEFORE UPDATE ON public.tasks
FOR EACH ROW
EXECUTE FUNCTION public.set_updated_at_if_present();

DROP TRIGGER IF EXISTS trg_task_executions_updated_at ON public.task_executions;
CREATE TRIGGER trg_task_executions_updated_at
BEFORE UPDATE ON public.task_executions
FOR EACH ROW
EXECUTE FUNCTION public.set_updated_at_if_present();

DROP TRIGGER IF EXISTS trg_attempts_updated_at ON public.attempts;
CREATE TRIGGER trg_attempts_updated_at
BEFORE UPDATE ON public.attempts
FOR EACH ROW
EXECUTE FUNCTION public.set_updated_at_if_present();

DROP TRIGGER IF EXISTS trg_question_answers_updated_at ON public.question_answers;
CREATE TRIGGER trg_question_answers_updated_at
BEFORE UPDATE ON public.question_answers
FOR EACH ROW
EXECUTE FUNCTION public.set_updated_at_if_present();

DROP TRIGGER IF EXISTS trg_notifications_updated_at ON public.notifications;
CREATE TRIGGER trg_notifications_updated_at
BEFORE UPDATE ON public.notifications
FOR EACH ROW
EXECUTE FUNCTION public.set_updated_at_if_present();

DROP TRIGGER IF EXISTS trg_achievements_updated_at ON public.achievements;
CREATE TRIGGER trg_achievements_updated_at
BEFORE UPDATE ON public.achievements
FOR EACH ROW
EXECUTE FUNCTION public.set_updated_at_if_present();

DROP TRIGGER IF EXISTS on_auth_user_created ON auth.users;
CREATE TRIGGER on_auth_user_created
AFTER INSERT ON auth.users
FOR EACH ROW
EXECUTE FUNCTION public.handle_new_auth_user();

COMMIT;

-- =====================================================================
-- SOURCE: supabase\migrations\20260409_000004_rls_policies.sql
-- =====================================================================

BEGIN;

CREATE OR REPLACE FUNCTION public.current_user_role()
RETURNS TEXT
LANGUAGE sql
STABLE
SECURITY DEFINER
SET search_path = public
AS $$
    SELECT r.name
    FROM public.users u
    JOIN public.roles r ON r.id = u.role_id
    WHERE u.id = auth.uid()
    LIMIT 1;
$$;

CREATE OR REPLACE FUNCTION public.current_user_group_id()
RETURNS BIGINT
LANGUAGE sql
STABLE
SECURITY DEFINER
SET search_path = public
AS $$
    SELECT u.study_group_id
    FROM public.users u
    WHERE u.id = auth.uid()
    LIMIT 1;
$$;

CREATE OR REPLACE FUNCTION public.is_current_user_admin()
RETURNS BOOLEAN
LANGUAGE sql
STABLE
SECURITY DEFINER
SET search_path = public
AS $$
    SELECT COALESCE(public.current_user_role() = 'admin', false);
$$;

CREATE OR REPLACE FUNCTION public.can_read_user(target_user_id UUID)
RETURNS BOOLEAN
LANGUAGE sql
STABLE
SECURITY DEFINER
SET search_path = public
AS $$
    SELECT COALESCE(
        public.is_current_user_admin()
        OR target_user_id = auth.uid()
        OR EXISTS (
            SELECT 1
            FROM public.users target_user
            WHERE target_user.id = target_user_id
              AND target_user.study_group_id IS NOT NULL
              AND target_user.study_group_id = public.current_user_group_id()
        ),
        false
    );
$$;

CREATE OR REPLACE FUNCTION public.can_manage_user(target_user_id UUID)
RETURNS BOOLEAN
LANGUAGE sql
STABLE
SECURITY DEFINER
SET search_path = public
AS $$
    SELECT COALESCE(
        public.is_current_user_admin()
        OR target_user_id = auth.uid()
        OR (
            public.current_user_role() = 'teacher'
            AND EXISTS (
                SELECT 1
                FROM public.users target_user
                WHERE target_user.id = target_user_id
                  AND target_user.study_group_id IS NOT NULL
                  AND target_user.study_group_id = public.current_user_group_id()
            )
        ),
        false
    );
$$;

CREATE OR REPLACE FUNCTION public.can_read_vocabulary_set(target_set_id BIGINT)
RETURNS BOOLEAN
LANGUAGE sql
STABLE
SECURITY DEFINER
SET search_path = public
AS $$
    SELECT COALESCE(
        public.is_current_user_admin()
        OR EXISTS (
            SELECT 1
            FROM public.vocabulary_sets vs
            WHERE vs.id = target_set_id
              AND public.can_read_user(vs.user_id)
        ),
        false
    );
$$;

CREATE OR REPLACE FUNCTION public.can_manage_vocabulary_set(target_set_id BIGINT)
RETURNS BOOLEAN
LANGUAGE sql
STABLE
SECURITY DEFINER
SET search_path = public
AS $$
    SELECT COALESCE(
        public.is_current_user_admin()
        OR EXISTS (
            SELECT 1
            FROM public.vocabulary_sets vs
            WHERE vs.id = target_set_id
              AND public.can_manage_user(vs.user_id)
        ),
        false
    );
$$;

CREATE OR REPLACE FUNCTION public.can_read_task(target_task_id BIGINT)
RETURNS BOOLEAN
LANGUAGE sql
STABLE
SECURITY DEFINER
SET search_path = public
AS $$
    SELECT COALESCE(
        public.is_current_user_admin()
        OR EXISTS (
            SELECT 1
            FROM public.tasks t
            WHERE t.id = target_task_id
              AND public.can_read_vocabulary_set(t.vocabulary_set_id)
        ),
        false
    );
$$;

CREATE OR REPLACE FUNCTION public.can_manage_task(target_task_id BIGINT)
RETURNS BOOLEAN
LANGUAGE sql
STABLE
SECURITY DEFINER
SET search_path = public
AS $$
    SELECT COALESCE(
        public.is_current_user_admin()
        OR EXISTS (
            SELECT 1
            FROM public.tasks t
            WHERE t.id = target_task_id
              AND public.can_manage_vocabulary_set(t.vocabulary_set_id)
        ),
        false
    );
$$;

CREATE OR REPLACE FUNCTION public.can_read_task_execution(target_execution_id BIGINT)
RETURNS BOOLEAN
LANGUAGE sql
STABLE
SECURITY DEFINER
SET search_path = public
AS $$
    SELECT COALESCE(
        public.is_current_user_admin()
        OR EXISTS (
            SELECT 1
            FROM public.task_executions te
            WHERE te.id = target_execution_id
              AND (public.can_read_user(te.user_id) OR public.can_read_task(te.task_id))
        ),
        false
    );
$$;

CREATE OR REPLACE FUNCTION public.can_manage_task_execution(target_execution_id BIGINT)
RETURNS BOOLEAN
LANGUAGE sql
STABLE
SECURITY DEFINER
SET search_path = public
AS $$
    SELECT COALESCE(
        public.is_current_user_admin()
        OR EXISTS (
            SELECT 1
            FROM public.task_executions te
            WHERE te.id = target_execution_id
              AND (public.can_manage_user(te.user_id) OR public.can_manage_task(te.task_id))
        ),
        false
    );
$$;

CREATE OR REPLACE FUNCTION public.can_read_attempt(target_attempt_id BIGINT)
RETURNS BOOLEAN
LANGUAGE sql
STABLE
SECURITY DEFINER
SET search_path = public
AS $$
    SELECT COALESCE(
        public.is_current_user_admin()
        OR EXISTS (
            SELECT 1
            FROM public.attempts a
            WHERE a.id = target_attempt_id
              AND public.can_read_task_execution(a.task_execution_id)
        ),
        false
    );
$$;

CREATE OR REPLACE FUNCTION public.can_manage_attempt(target_attempt_id BIGINT)
RETURNS BOOLEAN
LANGUAGE sql
STABLE
SECURITY DEFINER
SET search_path = public
AS $$
    SELECT COALESCE(
        public.is_current_user_admin()
        OR EXISTS (
            SELECT 1
            FROM public.attempts a
            WHERE a.id = target_attempt_id
              AND public.can_manage_task_execution(a.task_execution_id)
        ),
        false
    );
$$;

ALTER TABLE public.roles ENABLE ROW LEVEL SECURITY;
ALTER TABLE public.study_groups ENABLE ROW LEVEL SECURITY;
ALTER TABLE public.users ENABLE ROW LEVEL SECURITY;
ALTER TABLE public.words ENABLE ROW LEVEL SECURITY;
ALTER TABLE public.vocabulary_sets ENABLE ROW LEVEL SECURITY;
ALTER TABLE public.set_words_link ENABLE ROW LEVEL SECURITY;
ALTER TABLE public.tasks ENABLE ROW LEVEL SECURITY;
ALTER TABLE public.statuses ENABLE ROW LEVEL SECURITY;
ALTER TABLE public.task_executions ENABLE ROW LEVEL SECURITY;
ALTER TABLE public.attempts ENABLE ROW LEVEL SECURITY;
ALTER TABLE public.question_answers ENABLE ROW LEVEL SECURITY;
ALTER TABLE public.notifications ENABLE ROW LEVEL SECURITY;
ALTER TABLE public.notification_users_link ENABLE ROW LEVEL SECURITY;
ALTER TABLE public.achievements ENABLE ROW LEVEL SECURITY;
ALTER TABLE public.user_achievements_link ENABLE ROW LEVEL SECURITY;

DROP POLICY IF EXISTS roles_read_authenticated ON public.roles;
CREATE POLICY roles_read_authenticated ON public.roles
FOR SELECT TO authenticated
USING (true);

DROP POLICY IF EXISTS statuses_read_authenticated ON public.statuses;
CREATE POLICY statuses_read_authenticated ON public.statuses
FOR SELECT TO authenticated
USING (true);

DROP POLICY IF EXISTS study_groups_select_own_or_admin ON public.study_groups;
CREATE POLICY study_groups_select_own_or_admin ON public.study_groups
FOR SELECT TO authenticated
USING (public.is_current_user_admin() OR id = public.current_user_group_id());

DROP POLICY IF EXISTS study_groups_manage_admin ON public.study_groups;
CREATE POLICY study_groups_manage_admin ON public.study_groups
FOR ALL TO authenticated
USING (public.is_current_user_admin())
WITH CHECK (public.is_current_user_admin());

DROP POLICY IF EXISTS users_select_group_or_self ON public.users;
CREATE POLICY users_select_group_or_self ON public.users
FOR SELECT TO authenticated
USING (public.can_read_user(id));

DROP POLICY IF EXISTS users_insert_managed ON public.users;
CREATE POLICY users_insert_managed ON public.users
FOR INSERT TO authenticated
WITH CHECK (public.can_manage_user(id));

DROP POLICY IF EXISTS users_update_managed ON public.users;
CREATE POLICY users_update_managed ON public.users
FOR UPDATE TO authenticated
USING (public.can_manage_user(id))
WITH CHECK (public.can_manage_user(id));

DROP POLICY IF EXISTS vocabulary_sets_select_group ON public.vocabulary_sets;
CREATE POLICY vocabulary_sets_select_group ON public.vocabulary_sets
FOR SELECT TO authenticated
USING (public.can_read_user(user_id));

DROP POLICY IF EXISTS vocabulary_sets_insert_managed ON public.vocabulary_sets;
CREATE POLICY vocabulary_sets_insert_managed ON public.vocabulary_sets
FOR INSERT TO authenticated
WITH CHECK (public.can_manage_user(user_id));

DROP POLICY IF EXISTS vocabulary_sets_update_managed ON public.vocabulary_sets;
CREATE POLICY vocabulary_sets_update_managed ON public.vocabulary_sets
FOR UPDATE TO authenticated
USING (public.can_manage_user(user_id))
WITH CHECK (public.can_manage_user(user_id));

DROP POLICY IF EXISTS vocabulary_sets_delete_managed ON public.vocabulary_sets;
CREATE POLICY vocabulary_sets_delete_managed ON public.vocabulary_sets
FOR DELETE TO authenticated
USING (public.can_manage_user(user_id));

DROP POLICY IF EXISTS set_words_link_select_group ON public.set_words_link;
CREATE POLICY set_words_link_select_group ON public.set_words_link
FOR SELECT TO authenticated
USING (public.can_read_vocabulary_set(vocabulary_set_id));

DROP POLICY IF EXISTS set_words_link_insert_managed ON public.set_words_link;
CREATE POLICY set_words_link_insert_managed ON public.set_words_link
FOR INSERT TO authenticated
WITH CHECK (public.can_manage_vocabulary_set(vocabulary_set_id));

DROP POLICY IF EXISTS set_words_link_update_managed ON public.set_words_link;
CREATE POLICY set_words_link_update_managed ON public.set_words_link
FOR UPDATE TO authenticated
USING (public.can_manage_vocabulary_set(vocabulary_set_id))
WITH CHECK (public.can_manage_vocabulary_set(vocabulary_set_id));

DROP POLICY IF EXISTS set_words_link_delete_managed ON public.set_words_link;
CREATE POLICY set_words_link_delete_managed ON public.set_words_link
FOR DELETE TO authenticated
USING (public.can_manage_vocabulary_set(vocabulary_set_id));

DROP POLICY IF EXISTS words_select_group_sets ON public.words;
CREATE POLICY words_select_group_sets ON public.words
FOR SELECT TO authenticated
USING (
    public.is_current_user_admin()
    OR EXISTS (
        SELECT 1
        FROM public.set_words_link swl
        WHERE swl.word_id = id
          AND public.can_read_vocabulary_set(swl.vocabulary_set_id)
    )
);

DROP POLICY IF EXISTS words_manage_staff ON public.words;
CREATE POLICY words_manage_staff ON public.words
FOR ALL TO authenticated
USING (public.current_user_role() IN ('admin', 'teacher'))
WITH CHECK (public.current_user_role() IN ('admin', 'teacher'));

DROP POLICY IF EXISTS tasks_select_group ON public.tasks;
CREATE POLICY tasks_select_group ON public.tasks
FOR SELECT TO authenticated
USING (public.can_read_vocabulary_set(vocabulary_set_id));

DROP POLICY IF EXISTS tasks_insert_managed ON public.tasks;
CREATE POLICY tasks_insert_managed ON public.tasks
FOR INSERT TO authenticated
WITH CHECK (public.can_manage_vocabulary_set(vocabulary_set_id));

DROP POLICY IF EXISTS tasks_update_managed ON public.tasks;
CREATE POLICY tasks_update_managed ON public.tasks
FOR UPDATE TO authenticated
USING (public.can_manage_vocabulary_set(vocabulary_set_id))
WITH CHECK (public.can_manage_vocabulary_set(vocabulary_set_id));

DROP POLICY IF EXISTS tasks_delete_managed ON public.tasks;
CREATE POLICY tasks_delete_managed ON public.tasks
FOR DELETE TO authenticated
USING (public.can_manage_vocabulary_set(vocabulary_set_id));

DROP POLICY IF EXISTS task_executions_select_group ON public.task_executions;
CREATE POLICY task_executions_select_group ON public.task_executions
FOR SELECT TO authenticated
USING (public.can_read_user(user_id) OR public.can_read_task(task_id));

DROP POLICY IF EXISTS task_executions_insert_managed ON public.task_executions;
CREATE POLICY task_executions_insert_managed ON public.task_executions
FOR INSERT TO authenticated
WITH CHECK (public.can_manage_user(user_id) AND public.can_read_task(task_id));

DROP POLICY IF EXISTS task_executions_update_managed ON public.task_executions;
CREATE POLICY task_executions_update_managed ON public.task_executions
FOR UPDATE TO authenticated
USING (public.can_manage_user(user_id) OR public.can_manage_task(task_id))
WITH CHECK (public.can_manage_user(user_id) AND public.can_read_task(task_id));

DROP POLICY IF EXISTS task_executions_delete_managed ON public.task_executions;
CREATE POLICY task_executions_delete_managed ON public.task_executions
FOR DELETE TO authenticated
USING (public.can_manage_user(user_id) OR public.can_manage_task(task_id));

DROP POLICY IF EXISTS attempts_select_group ON public.attempts;
CREATE POLICY attempts_select_group ON public.attempts
FOR SELECT TO authenticated
USING (public.can_read_task_execution(task_execution_id));

DROP POLICY IF EXISTS attempts_insert_managed ON public.attempts;
CREATE POLICY attempts_insert_managed ON public.attempts
FOR INSERT TO authenticated
WITH CHECK (public.can_manage_task_execution(task_execution_id));

DROP POLICY IF EXISTS attempts_update_managed ON public.attempts;
CREATE POLICY attempts_update_managed ON public.attempts
FOR UPDATE TO authenticated
USING (public.can_manage_task_execution(task_execution_id))
WITH CHECK (public.can_manage_task_execution(task_execution_id));

DROP POLICY IF EXISTS attempts_delete_managed ON public.attempts;
CREATE POLICY attempts_delete_managed ON public.attempts
FOR DELETE TO authenticated
USING (public.can_manage_task_execution(task_execution_id));

DROP POLICY IF EXISTS question_answers_select_group ON public.question_answers;
CREATE POLICY question_answers_select_group ON public.question_answers
FOR SELECT TO authenticated
USING (public.can_read_attempt(attempt_id));

DROP POLICY IF EXISTS question_answers_insert_managed ON public.question_answers;
CREATE POLICY question_answers_insert_managed ON public.question_answers
FOR INSERT TO authenticated
WITH CHECK (public.can_manage_attempt(attempt_id));

DROP POLICY IF EXISTS question_answers_update_managed ON public.question_answers;
CREATE POLICY question_answers_update_managed ON public.question_answers
FOR UPDATE TO authenticated
USING (public.can_manage_attempt(attempt_id))
WITH CHECK (public.can_manage_attempt(attempt_id));

DROP POLICY IF EXISTS question_answers_delete_managed ON public.question_answers;
CREATE POLICY question_answers_delete_managed ON public.question_answers
FOR DELETE TO authenticated
USING (public.can_manage_attempt(attempt_id));

DROP POLICY IF EXISTS notifications_select_linked ON public.notifications;
CREATE POLICY notifications_select_linked ON public.notifications
FOR SELECT TO authenticated
USING (
    public.is_current_user_admin()
    OR EXISTS (
        SELECT 1
        FROM public.notification_users_link nul
        WHERE nul.notification_id = id
          AND public.can_read_user(nul.user_id)
    )
);

DROP POLICY IF EXISTS notifications_insert_staff ON public.notifications;
CREATE POLICY notifications_insert_staff ON public.notifications
FOR INSERT TO authenticated
WITH CHECK (public.current_user_role() IN ('admin', 'teacher'));

DROP POLICY IF EXISTS notifications_update_staff ON public.notifications;
CREATE POLICY notifications_update_staff ON public.notifications
FOR UPDATE TO authenticated
USING (public.current_user_role() IN ('admin', 'teacher'))
WITH CHECK (public.current_user_role() IN ('admin', 'teacher'));

DROP POLICY IF EXISTS notifications_delete_staff ON public.notifications;
CREATE POLICY notifications_delete_staff ON public.notifications
FOR DELETE TO authenticated
USING (public.current_user_role() IN ('admin', 'teacher'));

DROP POLICY IF EXISTS notification_users_link_select_group ON public.notification_users_link;
CREATE POLICY notification_users_link_select_group ON public.notification_users_link
FOR SELECT TO authenticated
USING (public.can_read_user(user_id));

DROP POLICY IF EXISTS notification_users_link_insert_managed ON public.notification_users_link;
CREATE POLICY notification_users_link_insert_managed ON public.notification_users_link
FOR INSERT TO authenticated
WITH CHECK (public.can_manage_user(user_id));

DROP POLICY IF EXISTS notification_users_link_update_managed ON public.notification_users_link;
CREATE POLICY notification_users_link_update_managed ON public.notification_users_link
FOR UPDATE TO authenticated
USING (public.can_manage_user(user_id))
WITH CHECK (public.can_manage_user(user_id));

DROP POLICY IF EXISTS notification_users_link_delete_managed ON public.notification_users_link;
CREATE POLICY notification_users_link_delete_managed ON public.notification_users_link
FOR DELETE TO authenticated
USING (public.can_manage_user(user_id));

DROP POLICY IF EXISTS achievements_read_authenticated ON public.achievements;
CREATE POLICY achievements_read_authenticated ON public.achievements
FOR SELECT TO authenticated
USING (true);

DROP POLICY IF EXISTS achievements_manage_staff ON public.achievements;
CREATE POLICY achievements_manage_staff ON public.achievements
FOR ALL TO authenticated
USING (public.current_user_role() IN ('admin', 'teacher'))
WITH CHECK (public.current_user_role() IN ('admin', 'teacher'));

DROP POLICY IF EXISTS user_achievements_link_select_group ON public.user_achievements_link;
CREATE POLICY user_achievements_link_select_group ON public.user_achievements_link
FOR SELECT TO authenticated
USING (public.can_read_user(user_id));

DROP POLICY IF EXISTS user_achievements_link_insert_managed ON public.user_achievements_link;
CREATE POLICY user_achievements_link_insert_managed ON public.user_achievements_link
FOR INSERT TO authenticated
WITH CHECK (public.can_manage_user(user_id));

DROP POLICY IF EXISTS user_achievements_link_update_managed ON public.user_achievements_link;
CREATE POLICY user_achievements_link_update_managed ON public.user_achievements_link
FOR UPDATE TO authenticated
USING (public.can_manage_user(user_id))
WITH CHECK (public.can_manage_user(user_id));

DROP POLICY IF EXISTS user_achievements_link_delete_managed ON public.user_achievements_link;
CREATE POLICY user_achievements_link_delete_managed ON public.user_achievements_link
FOR DELETE TO authenticated
USING (public.can_manage_user(user_id));

COMMIT;

-- =====================================================================
-- SOURCE: supabase\migrations\20260410_000005_assignment_lifecycle_rpc.sql
-- =====================================================================

BEGIN;

CREATE OR REPLACE FUNCTION public.start_task_execution(p_task_id BIGINT)
RETURNS BIGINT
LANGUAGE plpgsql
SECURITY DEFINER
SET search_path = public
AS $$
DECLARE
    v_user_id UUID;
    v_in_progress_status_id BIGINT;
    v_execution_id BIGINT;
    v_status_name TEXT;
BEGIN
    v_user_id := auth.uid();

    IF v_user_id IS NULL THEN
        RAISE EXCEPTION 'Authentication required'
            USING ERRCODE = '28000';
    END IF;

    IF p_task_id IS NULL THEN
        RAISE EXCEPTION 'Task id is required'
            USING ERRCODE = '22004';
    END IF;

    IF NOT EXISTS (SELECT 1 FROM public.users u WHERE u.id = v_user_id) THEN
        RAISE EXCEPTION 'Current user profile does not exist'
            USING ERRCODE = 'P0001';
    END IF;

    IF NOT EXISTS (SELECT 1 FROM public.tasks t WHERE t.id = p_task_id) THEN
        RAISE EXCEPTION 'Task % does not exist', p_task_id
            USING ERRCODE = 'P0002';
    END IF;

    IF NOT public.can_read_task(p_task_id) THEN
        RAISE EXCEPTION 'Task % is not available for current user', p_task_id
            USING ERRCODE = '42501';
    END IF;

    SELECT s.id
    INTO v_in_progress_status_id
    FROM public.statuses s
    WHERE s.name = 'in_progress';

    IF v_in_progress_status_id IS NULL THEN
        RAISE EXCEPTION 'Status in_progress does not exist'
            USING ERRCODE = 'P0001';
    END IF;

    PERFORM pg_advisory_xact_lock(
        hashtextextended('assignment_lifecycle:start:' || p_task_id::TEXT || ':' || v_user_id::TEXT, 0)
    );

    SELECT te.id, s.name
    INTO v_execution_id, v_status_name
    FROM public.task_executions te
    JOIN public.statuses s ON s.id = te.status_id
    WHERE te.task_id = p_task_id
      AND te.user_id = v_user_id
    ORDER BY
        CASE
            WHEN s.name IN ('assigned', 'in_progress') THEN 0
            WHEN s.name = 'completed' THEN 2
            ELSE 1
        END,
        te.id
    LIMIT 1
    FOR UPDATE OF te;

    IF v_execution_id IS NOT NULL THEN
        IF v_status_name = 'completed' THEN
            RAISE EXCEPTION 'Task execution % is already completed', v_execution_id
                USING ERRCODE = 'P0001';
        END IF;

        IF v_status_name <> 'in_progress' THEN
            UPDATE public.task_executions
            SET status_id = v_in_progress_status_id
            WHERE id = v_execution_id;
        END IF;

        RETURN v_execution_id;
    END IF;

    INSERT INTO public.task_executions (status_id, user_id, task_id)
    VALUES (v_in_progress_status_id, v_user_id, p_task_id)
    RETURNING id INTO v_execution_id;

    RETURN v_execution_id;
END;
$$;

CREATE OR REPLACE FUNCTION public.submit_attempt(
    p_task_execution_id BIGINT,
    p_started_at TIMESTAMPTZ,
    p_ended_at TIMESTAMPTZ
)
RETURNS BIGINT
LANGUAGE plpgsql
SECURITY DEFINER
SET search_path = public
AS $$
DECLARE
    v_user_id UUID;
    v_task_id BIGINT;
    v_attempts_limit INTEGER;
    v_attempts_used INTEGER;
    v_status_name TEXT;
    v_attempt_id BIGINT;
BEGIN
    v_user_id := auth.uid();

    IF v_user_id IS NULL THEN
        RAISE EXCEPTION 'Authentication required'
            USING ERRCODE = '28000';
    END IF;

    IF p_task_execution_id IS NULL THEN
        RAISE EXCEPTION 'Task execution id is required'
            USING ERRCODE = '22004';
    END IF;

    IF p_started_at IS NULL THEN
        RAISE EXCEPTION 'Attempt started_at is required'
            USING ERRCODE = '22004';
    END IF;

    IF p_ended_at IS NULL THEN
        RAISE EXCEPTION 'Attempt ended_at is required'
            USING ERRCODE = '22004';
    END IF;

    IF p_ended_at < p_started_at THEN
        RAISE EXCEPTION 'Attempt ended_at must be greater than or equal to started_at'
            USING ERRCODE = '22007';
    END IF;

    SELECT te.task_id, t.attempts_count, s.name
    INTO v_task_id, v_attempts_limit, v_status_name
    FROM public.task_executions te
    JOIN public.tasks t ON t.id = te.task_id
    JOIN public.statuses s ON s.id = te.status_id
    WHERE te.id = p_task_execution_id
    FOR UPDATE OF te;

    IF v_task_id IS NULL THEN
        RAISE EXCEPTION 'Task execution % does not exist', p_task_execution_id
            USING ERRCODE = 'P0002';
    END IF;

    IF NOT EXISTS (
        SELECT 1
        FROM public.task_executions te
        WHERE te.id = p_task_execution_id
          AND te.user_id = v_user_id
    ) THEN
        RAISE EXCEPTION 'Task execution % does not belong to current user', p_task_execution_id
            USING ERRCODE = '42501';
    END IF;

    IF v_status_name <> 'in_progress' THEN
        RAISE EXCEPTION 'Task execution % must be in_progress to submit an attempt', p_task_execution_id
            USING ERRCODE = 'P0001';
    END IF;

    SELECT COUNT(*)::INTEGER
    INTO v_attempts_used
    FROM public.attempts a
    WHERE a.task_execution_id = p_task_execution_id;

    IF v_attempts_used >= v_attempts_limit THEN
        RAISE EXCEPTION 'Attempts limit exceeded for task execution %', p_task_execution_id
            USING ERRCODE = 'P0001';
    END IF;

    INSERT INTO public.attempts (started_at, ended_at, task_execution_id)
    VALUES (p_started_at, p_ended_at, p_task_execution_id)
    RETURNING id INTO v_attempt_id;

    RETURN v_attempt_id;
END;
$$;

CREATE OR REPLACE FUNCTION public.submit_question_answer(
    p_attempt_id BIGINT,
    p_word_id BIGINT,
    p_entered_answer TEXT,
    p_is_correct BOOLEAN
)
RETURNS BIGINT
LANGUAGE plpgsql
SECURITY DEFINER
SET search_path = public
AS $$
DECLARE
    v_user_id UUID;
    v_task_execution_id BIGINT;
    v_task_id BIGINT;
    v_vocabulary_set_id BIGINT;
    v_status_name TEXT;
    v_answer_id BIGINT;
BEGIN
    v_user_id := auth.uid();

    IF v_user_id IS NULL THEN
        RAISE EXCEPTION 'Authentication required'
            USING ERRCODE = '28000';
    END IF;

    IF p_attempt_id IS NULL THEN
        RAISE EXCEPTION 'Attempt id is required'
            USING ERRCODE = '22004';
    END IF;

    IF p_word_id IS NULL THEN
        RAISE EXCEPTION 'Word id is required'
            USING ERRCODE = '22004';
    END IF;

    IF p_entered_answer IS NULL THEN
        RAISE EXCEPTION 'Entered answer is required'
            USING ERRCODE = '22004';
    END IF;

    IF p_is_correct IS NULL THEN
        RAISE EXCEPTION 'Answer correctness flag is required'
            USING ERRCODE = '22004';
    END IF;

    SELECT a.task_execution_id, te.task_id, t.vocabulary_set_id, s.name
    INTO v_task_execution_id, v_task_id, v_vocabulary_set_id, v_status_name
    FROM public.attempts a
    JOIN public.task_executions te ON te.id = a.task_execution_id
    JOIN public.tasks t ON t.id = te.task_id
    JOIN public.statuses s ON s.id = te.status_id
    WHERE a.id = p_attempt_id
    FOR UPDATE OF a, te;

    IF v_task_execution_id IS NULL THEN
        RAISE EXCEPTION 'Attempt % does not exist', p_attempt_id
            USING ERRCODE = 'P0002';
    END IF;

    IF NOT EXISTS (
        SELECT 1
        FROM public.task_executions te
        WHERE te.id = v_task_execution_id
          AND te.user_id = v_user_id
    ) THEN
        RAISE EXCEPTION 'Attempt % does not belong to current user', p_attempt_id
            USING ERRCODE = '42501';
    END IF;

    IF v_status_name <> 'in_progress' THEN
        RAISE EXCEPTION 'Task execution % must be in_progress to submit answers', v_task_execution_id
            USING ERRCODE = 'P0001';
    END IF;

    IF NOT EXISTS (
        SELECT 1
        FROM public.set_words_link swl
        WHERE swl.vocabulary_set_id = v_vocabulary_set_id
          AND swl.word_id = p_word_id
    ) THEN
        RAISE EXCEPTION 'Word % is not part of task % vocabulary set', p_word_id, v_task_id
            USING ERRCODE = 'P0002';
    END IF;

    SELECT qa.id
    INTO v_answer_id
    FROM public.question_answers qa
    WHERE qa.attempt_id = p_attempt_id
      AND qa.word_id = p_word_id
    ORDER BY qa.id
    LIMIT 1
    FOR UPDATE;

    IF v_answer_id IS NOT NULL THEN
        UPDATE public.question_answers
        SET entered_answer = p_entered_answer,
            is_correct = p_is_correct
        WHERE id = v_answer_id;

        RETURN v_answer_id;
    END IF;

    INSERT INTO public.question_answers (entered_answer, is_correct, attempt_id, word_id)
    VALUES (p_entered_answer, p_is_correct, p_attempt_id, p_word_id)
    RETURNING id INTO v_answer_id;

    RETURN v_answer_id;
END;
$$;

CREATE OR REPLACE FUNCTION public.complete_task_execution(p_task_execution_id BIGINT)
RETURNS VOID
LANGUAGE plpgsql
SECURITY DEFINER
SET search_path = public
AS $$
DECLARE
    v_user_id UUID;
    v_task_id BIGINT;
    v_status_name TEXT;
    v_completed_status_id BIGINT;
BEGIN
    v_user_id := auth.uid();

    IF v_user_id IS NULL THEN
        RAISE EXCEPTION 'Authentication required'
            USING ERRCODE = '28000';
    END IF;

    IF p_task_execution_id IS NULL THEN
        RAISE EXCEPTION 'Task execution id is required'
            USING ERRCODE = '22004';
    END IF;

    SELECT te.task_id, s.name
    INTO v_task_id, v_status_name
    FROM public.task_executions te
    JOIN public.statuses s ON s.id = te.status_id
    WHERE te.id = p_task_execution_id
      AND te.user_id = v_user_id
    FOR UPDATE OF te;

    IF v_task_id IS NULL THEN
        IF EXISTS (SELECT 1 FROM public.task_executions te WHERE te.id = p_task_execution_id) THEN
            RAISE EXCEPTION 'Task execution % does not belong to current user', p_task_execution_id
                USING ERRCODE = '42501';
        END IF;

        RAISE EXCEPTION 'Task execution % does not exist', p_task_execution_id
            USING ERRCODE = 'P0002';
    END IF;

    IF v_status_name = 'completed' THEN
        RETURN;
    END IF;

    IF v_status_name <> 'in_progress' THEN
        RAISE EXCEPTION 'Task execution % must be in_progress to complete', p_task_execution_id
            USING ERRCODE = 'P0001';
    END IF;

    SELECT s.id
    INTO v_completed_status_id
    FROM public.statuses s
    WHERE s.name = 'completed';

    IF v_completed_status_id IS NULL THEN
        RAISE EXCEPTION 'Status completed does not exist'
            USING ERRCODE = 'P0001';
    END IF;

    UPDATE public.task_executions
    SET status_id = v_completed_status_id
    WHERE id = p_task_execution_id;
END;
$$;

REVOKE ALL ON FUNCTION public.start_task_execution(BIGINT) FROM PUBLIC;
REVOKE ALL ON FUNCTION public.submit_attempt(BIGINT, TIMESTAMPTZ, TIMESTAMPTZ) FROM PUBLIC;
REVOKE ALL ON FUNCTION public.submit_question_answer(BIGINT, BIGINT, TEXT, BOOLEAN) FROM PUBLIC;
REVOKE ALL ON FUNCTION public.complete_task_execution(BIGINT) FROM PUBLIC;

GRANT EXECUTE ON FUNCTION public.start_task_execution(BIGINT) TO authenticated;
GRANT EXECUTE ON FUNCTION public.submit_attempt(BIGINT, TIMESTAMPTZ, TIMESTAMPTZ) TO authenticated;
GRANT EXECUTE ON FUNCTION public.submit_question_answer(BIGINT, BIGINT, TEXT, BOOLEAN) TO authenticated;
GRANT EXECUTE ON FUNCTION public.complete_task_execution(BIGINT) TO authenticated;

COMMIT;

-- =====================================================================
-- SOURCE: supabase\migrations\20260410_000006_achievements_notifications_rpc.sql
-- =====================================================================

BEGIN;

INSERT INTO public.achievements (name, description, condition_text)
SELECT seed.name, seed.description, seed.condition_text
FROM (
    VALUES
        ('Первое задание', 'Завершите первое учебное задание.', 'completed_tasks>=1'),
        ('Пять заданий', 'Завершите пять учебных заданий.', 'completed_tasks>=5'),
        ('Десять попыток', 'Отправьте десять попыток по заданиям.', 'attempts>=10'),
        ('Первые 10 правильных ответов', 'Дайте 10 правильных ответов.', 'correct_answers>=10'),
        ('50 правильных ответов', 'Дайте 50 правильных ответов.', 'correct_answers>=50'),
        ('Точность 90%', 'Достигните точности 90% минимум после 20 ответов.', 'accuracy>=90_after_20_answers'),
        ('Идеальная попытка', 'Завершите попытку без ошибок.', 'perfect_attempts>=1')
) AS seed(name, description, condition_text)
WHERE NOT EXISTS (
    SELECT 1
    FROM public.achievements a
    WHERE a.condition_text = seed.condition_text
);

CREATE OR REPLACE FUNCTION public.recalculate_user_achievements(p_user_id UUID DEFAULT NULL)
RETURNS TABLE (
    achievement_id BIGINT,
    achievement_name TEXT,
    received_at TIMESTAMPTZ,
    was_new BOOLEAN
)
LANGUAGE plpgsql
SECURITY DEFINER
SET search_path = public
AS $$
DECLARE
    v_actor_id UUID;
    v_target_user_id UUID;
    v_new_achievement_ids BIGINT[] := ARRAY[]::BIGINT[];
    v_achievement RECORD;
    v_notification_id BIGINT;
BEGIN
    v_actor_id := auth.uid();
    v_target_user_id := COALESCE(p_user_id, v_actor_id);

    IF v_actor_id IS NULL THEN
        RAISE EXCEPTION 'Authentication required'
            USING ERRCODE = '28000';
    END IF;

    IF v_target_user_id IS NULL THEN
        RAISE EXCEPTION 'User id is required'
            USING ERRCODE = '22004';
    END IF;

    IF NOT EXISTS (SELECT 1 FROM public.users u WHERE u.id = v_target_user_id) THEN
        RAISE EXCEPTION 'User % does not exist', v_target_user_id
            USING ERRCODE = 'P0002';
    END IF;

    IF v_target_user_id <> v_actor_id
       AND NOT public.can_manage_user(v_target_user_id) THEN
        RAISE EXCEPTION 'Current user cannot recalculate achievements for user %', v_target_user_id
            USING ERRCODE = '42501';
    END IF;

    PERFORM pg_advisory_xact_lock(
        hashtextextended('achievements:recalculate:' || v_target_user_id::TEXT, 0)
    );

    WITH progress AS (
        SELECT
            COUNT(DISTINCT te.id) FILTER (WHERE s.name = 'completed')::INTEGER AS completed_tasks,
            COUNT(DISTINCT a.id)::INTEGER AS attempts_count,
            COUNT(qa.id)::INTEGER AS answers_count,
            COUNT(qa.id) FILTER (WHERE qa.is_correct)::INTEGER AS correct_answers,
            COUNT(DISTINCT a.id) FILTER (
                WHERE EXISTS (
                    SELECT 1
                    FROM public.question_answers qa_any
                    WHERE qa_any.attempt_id = a.id
                )
                AND NOT EXISTS (
                    SELECT 1
                    FROM public.question_answers qa_wrong
                    WHERE qa_wrong.attempt_id = a.id
                      AND qa_wrong.is_correct = false
                )
            )::INTEGER AS perfect_attempts
        FROM public.task_executions te
        JOIN public.statuses s ON s.id = te.status_id
        LEFT JOIN public.attempts a ON a.task_execution_id = te.id
        LEFT JOIN public.question_answers qa ON qa.attempt_id = a.id
        WHERE te.user_id = v_target_user_id
    ),
    eligible AS (
        SELECT ach.id
        FROM public.achievements ach
        CROSS JOIN progress p
        WHERE (ach.condition_text = 'completed_tasks>=1' AND p.completed_tasks >= 1)
           OR (ach.condition_text = 'completed_tasks>=5' AND p.completed_tasks >= 5)
           OR (ach.condition_text = 'attempts>=10' AND p.attempts_count >= 10)
           OR (ach.condition_text = 'correct_answers>=10' AND p.correct_answers >= 10)
           OR (ach.condition_text = 'correct_answers>=50' AND p.correct_answers >= 50)
           OR (
               ach.condition_text = 'accuracy>=90_after_20_answers'
               AND p.answers_count >= 20
               AND (p.correct_answers::NUMERIC / NULLIF(p.answers_count, 0)) >= 0.9
           )
           OR (ach.condition_text = 'perfect_attempts>=1' AND p.perfect_attempts >= 1)
    ),
    inserted AS (
        INSERT INTO public.user_achievements_link (user_id, achievement_id, received_at)
        SELECT v_target_user_id, eligible.id, now()
        FROM eligible
        ON CONFLICT (user_id, achievement_id) DO NOTHING
        RETURNING user_achievements_link.achievement_id
    )
    SELECT COALESCE(array_agg(inserted.achievement_id), ARRAY[]::BIGINT[])
    INTO v_new_achievement_ids
    FROM inserted;

    FOR v_achievement IN
        SELECT a.id, a.name
        FROM public.achievements a
        WHERE a.id = ANY(v_new_achievement_ids)
        ORDER BY a.id
    LOOP
        INSERT INTO public.notifications (type, text)
        VALUES ('achievement_awarded', 'Получено достижение: ' || v_achievement.name)
        RETURNING id INTO v_notification_id;

        INSERT INTO public.notification_users_link (notification_id, user_id)
        VALUES (v_notification_id, v_target_user_id)
        ON CONFLICT (notification_id, user_id) DO NOTHING;
    END LOOP;

    RETURN QUERY
    WITH progress AS (
        SELECT
            COUNT(DISTINCT te.id) FILTER (WHERE s.name = 'completed')::INTEGER AS completed_tasks,
            COUNT(DISTINCT a.id)::INTEGER AS attempts_count,
            COUNT(qa.id)::INTEGER AS answers_count,
            COUNT(qa.id) FILTER (WHERE qa.is_correct)::INTEGER AS correct_answers,
            COUNT(DISTINCT a.id) FILTER (
                WHERE EXISTS (
                    SELECT 1
                    FROM public.question_answers qa_any
                    WHERE qa_any.attempt_id = a.id
                )
                AND NOT EXISTS (
                    SELECT 1
                    FROM public.question_answers qa_wrong
                    WHERE qa_wrong.attempt_id = a.id
                      AND qa_wrong.is_correct = false
                )
            )::INTEGER AS perfect_attempts
        FROM public.task_executions te
        JOIN public.statuses s ON s.id = te.status_id
        LEFT JOIN public.attempts a ON a.task_execution_id = te.id
        LEFT JOIN public.question_answers qa ON qa.attempt_id = a.id
        WHERE te.user_id = v_target_user_id
    ),
    eligible AS (
        SELECT ach.id
        FROM public.achievements ach
        CROSS JOIN progress p
        WHERE (ach.condition_text = 'completed_tasks>=1' AND p.completed_tasks >= 1)
           OR (ach.condition_text = 'completed_tasks>=5' AND p.completed_tasks >= 5)
           OR (ach.condition_text = 'attempts>=10' AND p.attempts_count >= 10)
           OR (ach.condition_text = 'correct_answers>=10' AND p.correct_answers >= 10)
           OR (ach.condition_text = 'correct_answers>=50' AND p.correct_answers >= 50)
           OR (
               ach.condition_text = 'accuracy>=90_after_20_answers'
               AND p.answers_count >= 20
               AND (p.correct_answers::NUMERIC / NULLIF(p.answers_count, 0)) >= 0.9
           )
           OR (ach.condition_text = 'perfect_attempts>=1' AND p.perfect_attempts >= 1)
    )
    SELECT
        a.id AS achievement_id,
        a.name AS achievement_name,
        ual.received_at,
        a.id = ANY(v_new_achievement_ids) AS was_new
    FROM eligible e
    JOIN public.achievements a ON a.id = e.id
    JOIN public.user_achievements_link ual
      ON ual.achievement_id = a.id
     AND ual.user_id = v_target_user_id
    ORDER BY ual.received_at, a.id;
END;
$$;

CREATE OR REPLACE FUNCTION public.create_user_notification(
    p_user_id UUID,
    p_type TEXT,
    p_text TEXT
)
RETURNS BIGINT
LANGUAGE plpgsql
SECURITY DEFINER
SET search_path = public
AS $$
DECLARE
    v_actor_id UUID;
    v_notification_id BIGINT;
    v_type TEXT;
    v_text TEXT;
BEGIN
    v_actor_id := auth.uid();
    v_type := NULLIF(btrim(p_type), '');
    v_text := NULLIF(btrim(p_text), '');

    IF v_actor_id IS NULL THEN
        RAISE EXCEPTION 'Authentication required'
            USING ERRCODE = '28000';
    END IF;

    IF p_user_id IS NULL THEN
        RAISE EXCEPTION 'User id is required'
            USING ERRCODE = '22004';
    END IF;

    IF v_type IS NULL THEN
        RAISE EXCEPTION 'Notification type is required'
            USING ERRCODE = '22004';
    END IF;

    IF v_text IS NULL THEN
        RAISE EXCEPTION 'Notification text is required'
            USING ERRCODE = '22004';
    END IF;

    IF char_length(v_type) > 64 THEN
        RAISE EXCEPTION 'Notification type must be 64 characters or fewer'
            USING ERRCODE = '22001';
    END IF;

    IF char_length(v_text) > 2000 THEN
        RAISE EXCEPTION 'Notification text must be 2000 characters or fewer'
            USING ERRCODE = '22001';
    END IF;

    IF COALESCE(public.current_user_role() NOT IN ('admin', 'teacher'), true) THEN
        RAISE EXCEPTION 'Only admin or teacher can create notifications'
            USING ERRCODE = '42501';
    END IF;

    IF NOT EXISTS (SELECT 1 FROM public.users u WHERE u.id = p_user_id) THEN
        RAISE EXCEPTION 'User % does not exist', p_user_id
            USING ERRCODE = 'P0002';
    END IF;

    IF NOT public.can_manage_user(p_user_id) THEN
        RAISE EXCEPTION 'Current user cannot create notifications for user %', p_user_id
            USING ERRCODE = '42501';
    END IF;

    INSERT INTO public.notifications (type, text)
    VALUES (v_type, v_text)
    RETURNING id INTO v_notification_id;

    INSERT INTO public.notification_users_link (notification_id, user_id)
    VALUES (v_notification_id, p_user_id)
    ON CONFLICT (notification_id, user_id) DO NOTHING;

    RETURN v_notification_id;
END;
$$;

REVOKE ALL ON FUNCTION public.recalculate_user_achievements(UUID) FROM PUBLIC;
REVOKE ALL ON FUNCTION public.create_user_notification(UUID, TEXT, TEXT) FROM PUBLIC;

GRANT EXECUTE ON FUNCTION public.recalculate_user_achievements(UUID) TO authenticated;
GRANT EXECUTE ON FUNCTION public.create_user_notification(UUID, TEXT, TEXT) TO authenticated;

COMMIT;

-- =====================================================================
-- SOURCE: supabase\migrations\20260410_000007_security_data_integrity_hardening.sql
-- =====================================================================

BEGIN;

CREATE OR REPLACE FUNCTION public.is_current_user_teacher()
RETURNS BOOLEAN
LANGUAGE sql
STABLE
SECURITY DEFINER
SET search_path = public
AS $$
    SELECT COALESCE(public.current_user_role() = 'teacher', false);
$$;

CREATE OR REPLACE FUNCTION public.can_read_private_user_data(target_user_id UUID)
RETURNS BOOLEAN
LANGUAGE sql
STABLE
SECURITY DEFINER
SET search_path = public
AS $$
    SELECT COALESCE(
        public.is_current_user_admin()
        OR target_user_id = auth.uid()
        OR (
            public.current_user_role() = 'teacher'
            AND EXISTS (
                SELECT 1
                FROM public.users target_user
                WHERE target_user.id = target_user_id
                  AND target_user.study_group_id IS NOT NULL
                  AND target_user.study_group_id = public.current_user_group_id()
            )
        ),
        false
    );
$$;

CREATE OR REPLACE FUNCTION public.can_manage_user_as_staff(target_user_id UUID)
RETURNS BOOLEAN
LANGUAGE sql
STABLE
SECURITY DEFINER
SET search_path = public
AS $$
    SELECT COALESCE(
        public.is_current_user_admin()
        OR (
            public.current_user_role() = 'teacher'
            AND EXISTS (
                SELECT 1
                FROM public.users target_user
                JOIN public.roles target_role ON target_role.id = target_user.role_id
                WHERE target_user.id = target_user_id
                  AND target_user.id <> auth.uid()
                  AND target_user.study_group_id IS NOT NULL
                  AND target_user.study_group_id = public.current_user_group_id()
                  AND target_role.name = 'student'
            )
        ),
        false
    );
$$;

CREATE OR REPLACE FUNCTION public.can_manage_task_execution_as_staff(target_execution_id BIGINT)
RETURNS BOOLEAN
LANGUAGE sql
STABLE
SECURITY DEFINER
SET search_path = public
AS $$
    SELECT COALESCE(
        public.is_current_user_admin()
        OR EXISTS (
            SELECT 1
            FROM public.task_executions te
            WHERE te.id = target_execution_id
              AND public.can_manage_user_as_staff(te.user_id)
              AND public.can_read_task(te.task_id)
        ),
        false
    );
$$;

CREATE OR REPLACE FUNCTION public.can_manage_attempt_as_staff(target_attempt_id BIGINT)
RETURNS BOOLEAN
LANGUAGE sql
STABLE
SECURITY DEFINER
SET search_path = public
AS $$
    SELECT COALESCE(
        public.is_current_user_admin()
        OR EXISTS (
            SELECT 1
            FROM public.attempts a
            WHERE a.id = target_attempt_id
              AND public.can_manage_task_execution_as_staff(a.task_execution_id)
        ),
        false
    );
$$;

CREATE OR REPLACE FUNCTION public.can_read_task_execution(target_execution_id BIGINT)
RETURNS BOOLEAN
LANGUAGE sql
STABLE
SECURITY DEFINER
SET search_path = public
AS $$
    SELECT COALESCE(
        EXISTS (
            SELECT 1
            FROM public.task_executions te
            WHERE te.id = target_execution_id
              AND public.can_read_private_user_data(te.user_id)
        ),
        false
    );
$$;

CREATE OR REPLACE FUNCTION public.enforce_users_update_integrity()
RETURNS TRIGGER
LANGUAGE plpgsql
SECURITY DEFINER
SET search_path = public
AS $$
BEGIN
    IF auth.uid() IS NULL THEN
        IF current_user IN ('postgres', 'supabase_admin', 'service_role') THEN
            RETURN NEW;
        END IF;

        RAISE EXCEPTION 'Authentication required'
            USING ERRCODE = '28000';
    END IF;

    IF NEW.id <> OLD.id THEN
        RAISE EXCEPTION 'User id cannot be changed'
            USING ERRCODE = '42501';
    END IF;

    IF NEW.registered_at <> OLD.registered_at THEN
        RAISE EXCEPTION 'User registered_at cannot be changed'
            USING ERRCODE = '42501';
    END IF;

    IF public.is_current_user_admin() THEN
        RETURN NEW;
    END IF;

    IF NEW.role_id <> OLD.role_id THEN
        RAISE EXCEPTION 'Only admin can change user role'
            USING ERRCODE = '42501';
    END IF;

    IF NEW.study_group_id IS DISTINCT FROM OLD.study_group_id THEN
        RAISE EXCEPTION 'Only admin can change user study group'
            USING ERRCODE = '42501';
    END IF;

    IF auth.uid() = OLD.id THEN
        RETURN NEW;
    END IF;

    IF public.can_manage_user_as_staff(OLD.id) THEN
        RETURN NEW;
    END IF;

    RAISE EXCEPTION 'Current user cannot update user %', OLD.id
        USING ERRCODE = '42501';
END;
$$;

DROP TRIGGER IF EXISTS trg_users_update_integrity ON public.users;
CREATE TRIGGER trg_users_update_integrity
BEFORE UPDATE ON public.users
FOR EACH ROW
EXECUTE FUNCTION public.enforce_users_update_integrity();

DROP POLICY IF EXISTS users_select_group_or_self ON public.users;
DROP POLICY IF EXISTS users_select_private ON public.users;
CREATE POLICY users_select_private ON public.users
FOR SELECT TO authenticated
USING (public.can_read_private_user_data(id));

DROP POLICY IF EXISTS users_insert_managed ON public.users;
DROP POLICY IF EXISTS users_insert_admin ON public.users;
CREATE POLICY users_insert_admin ON public.users
FOR INSERT TO authenticated
WITH CHECK (public.is_current_user_admin());

DROP POLICY IF EXISTS users_update_managed ON public.users;
DROP POLICY IF EXISTS users_update_self_profile ON public.users;
DROP POLICY IF EXISTS users_update_staff ON public.users;
CREATE POLICY users_update_self_profile ON public.users
FOR UPDATE TO authenticated
USING (id = auth.uid())
WITH CHECK (id = auth.uid());

CREATE POLICY users_update_staff ON public.users
FOR UPDATE TO authenticated
USING (public.can_manage_user_as_staff(id))
WITH CHECK (public.can_manage_user_as_staff(id));

DROP POLICY IF EXISTS vocabulary_sets_insert_managed ON public.vocabulary_sets;
DROP POLICY IF EXISTS vocabulary_sets_update_managed ON public.vocabulary_sets;
DROP POLICY IF EXISTS vocabulary_sets_delete_managed ON public.vocabulary_sets;
DROP POLICY IF EXISTS vocabulary_sets_insert_staff ON public.vocabulary_sets;
DROP POLICY IF EXISTS vocabulary_sets_update_staff ON public.vocabulary_sets;
DROP POLICY IF EXISTS vocabulary_sets_delete_staff ON public.vocabulary_sets;
CREATE POLICY vocabulary_sets_insert_staff ON public.vocabulary_sets
FOR INSERT TO authenticated
WITH CHECK (
    public.current_user_role() IN ('admin', 'teacher')
    AND public.can_manage_user(user_id)
);

CREATE POLICY vocabulary_sets_update_staff ON public.vocabulary_sets
FOR UPDATE TO authenticated
USING (
    public.current_user_role() IN ('admin', 'teacher')
    AND public.can_manage_user(user_id)
)
WITH CHECK (
    public.current_user_role() IN ('admin', 'teacher')
    AND public.can_manage_user(user_id)
);

CREATE POLICY vocabulary_sets_delete_staff ON public.vocabulary_sets
FOR DELETE TO authenticated
USING (
    public.current_user_role() IN ('admin', 'teacher')
    AND public.can_manage_user(user_id)
);

DROP POLICY IF EXISTS set_words_link_insert_managed ON public.set_words_link;
DROP POLICY IF EXISTS set_words_link_update_managed ON public.set_words_link;
DROP POLICY IF EXISTS set_words_link_delete_managed ON public.set_words_link;
DROP POLICY IF EXISTS set_words_link_insert_staff ON public.set_words_link;
DROP POLICY IF EXISTS set_words_link_update_staff ON public.set_words_link;
DROP POLICY IF EXISTS set_words_link_delete_staff ON public.set_words_link;
CREATE POLICY set_words_link_insert_staff ON public.set_words_link
FOR INSERT TO authenticated
WITH CHECK (
    public.current_user_role() IN ('admin', 'teacher')
    AND public.can_manage_vocabulary_set(vocabulary_set_id)
);

CREATE POLICY set_words_link_update_staff ON public.set_words_link
FOR UPDATE TO authenticated
USING (
    public.current_user_role() IN ('admin', 'teacher')
    AND public.can_manage_vocabulary_set(vocabulary_set_id)
)
WITH CHECK (
    public.current_user_role() IN ('admin', 'teacher')
    AND public.can_manage_vocabulary_set(vocabulary_set_id)
);

CREATE POLICY set_words_link_delete_staff ON public.set_words_link
FOR DELETE TO authenticated
USING (
    public.current_user_role() IN ('admin', 'teacher')
    AND public.can_manage_vocabulary_set(vocabulary_set_id)
);

DROP POLICY IF EXISTS tasks_insert_managed ON public.tasks;
DROP POLICY IF EXISTS tasks_update_managed ON public.tasks;
DROP POLICY IF EXISTS tasks_delete_managed ON public.tasks;
DROP POLICY IF EXISTS tasks_insert_staff ON public.tasks;
DROP POLICY IF EXISTS tasks_update_staff ON public.tasks;
DROP POLICY IF EXISTS tasks_delete_staff ON public.tasks;
CREATE POLICY tasks_insert_staff ON public.tasks
FOR INSERT TO authenticated
WITH CHECK (
    public.current_user_role() IN ('admin', 'teacher')
    AND public.can_manage_vocabulary_set(vocabulary_set_id)
);

CREATE POLICY tasks_update_staff ON public.tasks
FOR UPDATE TO authenticated
USING (
    public.current_user_role() IN ('admin', 'teacher')
    AND public.can_manage_vocabulary_set(vocabulary_set_id)
)
WITH CHECK (
    public.current_user_role() IN ('admin', 'teacher')
    AND public.can_manage_vocabulary_set(vocabulary_set_id)
);

CREATE POLICY tasks_delete_staff ON public.tasks
FOR DELETE TO authenticated
USING (
    public.current_user_role() IN ('admin', 'teacher')
    AND public.can_manage_vocabulary_set(vocabulary_set_id)
);

DROP POLICY IF EXISTS task_executions_insert_managed ON public.task_executions;
DROP POLICY IF EXISTS task_executions_update_managed ON public.task_executions;
DROP POLICY IF EXISTS task_executions_delete_managed ON public.task_executions;
DROP POLICY IF EXISTS task_executions_insert_staff ON public.task_executions;
DROP POLICY IF EXISTS task_executions_update_staff ON public.task_executions;
DROP POLICY IF EXISTS task_executions_delete_staff ON public.task_executions;
CREATE POLICY task_executions_insert_staff ON public.task_executions
FOR INSERT TO authenticated
WITH CHECK (
    public.current_user_role() IN ('admin', 'teacher')
    AND public.can_manage_user_as_staff(user_id)
    AND public.can_read_task(task_id)
);

CREATE POLICY task_executions_update_staff ON public.task_executions
FOR UPDATE TO authenticated
USING (public.can_manage_task_execution_as_staff(id))
WITH CHECK (
    public.current_user_role() IN ('admin', 'teacher')
    AND public.can_manage_user_as_staff(user_id)
    AND public.can_read_task(task_id)
);

CREATE POLICY task_executions_delete_staff ON public.task_executions
FOR DELETE TO authenticated
USING (public.can_manage_task_execution_as_staff(id));

DROP POLICY IF EXISTS attempts_insert_managed ON public.attempts;
DROP POLICY IF EXISTS attempts_update_managed ON public.attempts;
DROP POLICY IF EXISTS attempts_delete_managed ON public.attempts;
DROP POLICY IF EXISTS attempts_insert_staff ON public.attempts;
DROP POLICY IF EXISTS attempts_update_staff ON public.attempts;
DROP POLICY IF EXISTS attempts_delete_staff ON public.attempts;
CREATE POLICY attempts_insert_staff ON public.attempts
FOR INSERT TO authenticated
WITH CHECK (
    public.current_user_role() IN ('admin', 'teacher')
    AND public.can_manage_task_execution_as_staff(task_execution_id)
);

CREATE POLICY attempts_update_staff ON public.attempts
FOR UPDATE TO authenticated
USING (public.can_manage_attempt_as_staff(id))
WITH CHECK (
    public.current_user_role() IN ('admin', 'teacher')
    AND public.can_manage_task_execution_as_staff(task_execution_id)
);

CREATE POLICY attempts_delete_staff ON public.attempts
FOR DELETE TO authenticated
USING (public.can_manage_attempt_as_staff(id));

DROP POLICY IF EXISTS question_answers_insert_managed ON public.question_answers;
DROP POLICY IF EXISTS question_answers_update_managed ON public.question_answers;
DROP POLICY IF EXISTS question_answers_delete_managed ON public.question_answers;
DROP POLICY IF EXISTS question_answers_insert_staff ON public.question_answers;
DROP POLICY IF EXISTS question_answers_update_staff ON public.question_answers;
DROP POLICY IF EXISTS question_answers_delete_staff ON public.question_answers;
CREATE POLICY question_answers_insert_staff ON public.question_answers
FOR INSERT TO authenticated
WITH CHECK (
    public.current_user_role() IN ('admin', 'teacher')
    AND public.can_manage_attempt_as_staff(attempt_id)
);

CREATE POLICY question_answers_update_staff ON public.question_answers
FOR UPDATE TO authenticated
USING (public.can_manage_attempt_as_staff(attempt_id))
WITH CHECK (
    public.current_user_role() IN ('admin', 'teacher')
    AND public.can_manage_attempt_as_staff(attempt_id)
);

CREATE POLICY question_answers_delete_staff ON public.question_answers
FOR DELETE TO authenticated
USING (public.can_manage_attempt_as_staff(attempt_id));

DROP POLICY IF EXISTS notifications_select_linked ON public.notifications;
DROP POLICY IF EXISTS notifications_select_private ON public.notifications;
CREATE POLICY notifications_select_private ON public.notifications
FOR SELECT TO authenticated
USING (
    public.is_current_user_admin()
    OR
    EXISTS (
        SELECT 1
        FROM public.notification_users_link nul
        WHERE nul.notification_id = id
          AND public.can_read_private_user_data(nul.user_id)
    )
);

DROP POLICY IF EXISTS notifications_insert_staff ON public.notifications;
DROP POLICY IF EXISTS notifications_update_staff ON public.notifications;
DROP POLICY IF EXISTS notifications_delete_staff ON public.notifications;
DROP POLICY IF EXISTS notifications_insert_admin ON public.notifications;
DROP POLICY IF EXISTS notifications_update_admin ON public.notifications;
DROP POLICY IF EXISTS notifications_delete_admin ON public.notifications;
CREATE POLICY notifications_insert_admin ON public.notifications
FOR INSERT TO authenticated
WITH CHECK (public.is_current_user_admin());

CREATE POLICY notifications_update_admin ON public.notifications
FOR UPDATE TO authenticated
USING (public.is_current_user_admin())
WITH CHECK (public.is_current_user_admin());

CREATE POLICY notifications_delete_admin ON public.notifications
FOR DELETE TO authenticated
USING (public.is_current_user_admin());

DROP POLICY IF EXISTS notification_users_link_select_group ON public.notification_users_link;
DROP POLICY IF EXISTS notification_users_link_select_private ON public.notification_users_link;
CREATE POLICY notification_users_link_select_private ON public.notification_users_link
FOR SELECT TO authenticated
USING (public.can_read_private_user_data(user_id));

DROP POLICY IF EXISTS notification_users_link_insert_managed ON public.notification_users_link;
DROP POLICY IF EXISTS notification_users_link_update_managed ON public.notification_users_link;
DROP POLICY IF EXISTS notification_users_link_delete_managed ON public.notification_users_link;
DROP POLICY IF EXISTS notification_users_link_insert_admin ON public.notification_users_link;
DROP POLICY IF EXISTS notification_users_link_update_admin ON public.notification_users_link;
DROP POLICY IF EXISTS notification_users_link_delete_admin ON public.notification_users_link;
CREATE POLICY notification_users_link_insert_admin ON public.notification_users_link
FOR INSERT TO authenticated
WITH CHECK (public.is_current_user_admin());

CREATE POLICY notification_users_link_update_admin ON public.notification_users_link
FOR UPDATE TO authenticated
USING (public.is_current_user_admin())
WITH CHECK (public.is_current_user_admin());

CREATE POLICY notification_users_link_delete_admin ON public.notification_users_link
FOR DELETE TO authenticated
USING (public.is_current_user_admin());

DROP POLICY IF EXISTS achievements_manage_staff ON public.achievements;
DROP POLICY IF EXISTS achievements_manage_admin ON public.achievements;
CREATE POLICY achievements_manage_admin ON public.achievements
FOR ALL TO authenticated
USING (public.is_current_user_admin())
WITH CHECK (public.is_current_user_admin());

DROP POLICY IF EXISTS user_achievements_link_select_group ON public.user_achievements_link;
DROP POLICY IF EXISTS user_achievements_link_select_private ON public.user_achievements_link;
CREATE POLICY user_achievements_link_select_private ON public.user_achievements_link
FOR SELECT TO authenticated
USING (public.can_read_private_user_data(user_id));

DROP POLICY IF EXISTS user_achievements_link_insert_managed ON public.user_achievements_link;
DROP POLICY IF EXISTS user_achievements_link_update_managed ON public.user_achievements_link;
DROP POLICY IF EXISTS user_achievements_link_delete_managed ON public.user_achievements_link;
DROP POLICY IF EXISTS user_achievements_link_insert_admin ON public.user_achievements_link;
DROP POLICY IF EXISTS user_achievements_link_update_admin ON public.user_achievements_link;
DROP POLICY IF EXISTS user_achievements_link_delete_admin ON public.user_achievements_link;
CREATE POLICY user_achievements_link_insert_admin ON public.user_achievements_link
FOR INSERT TO authenticated
WITH CHECK (public.is_current_user_admin());

CREATE POLICY user_achievements_link_update_admin ON public.user_achievements_link
FOR UPDATE TO authenticated
USING (public.is_current_user_admin())
WITH CHECK (public.is_current_user_admin());

CREATE POLICY user_achievements_link_delete_admin ON public.user_achievements_link
FOR DELETE TO authenticated
USING (public.is_current_user_admin());

DO $$
BEGIN
    IF NOT EXISTS (
        SELECT 1 FROM pg_constraint
        WHERE conname = 'tasks_dates_order_chk'
          AND conrelid = 'public.tasks'::regclass
    ) THEN
        ALTER TABLE public.tasks
        ADD CONSTRAINT tasks_dates_order_chk
        CHECK (deadline IS NULL OR start_date IS NULL OR deadline >= start_date)
        NOT VALID;
    END IF;

    IF NOT EXISTS (
        SELECT 1 FROM pg_constraint
        WHERE conname = 'attempts_time_order_chk'
          AND conrelid = 'public.attempts'::regclass
    ) THEN
        ALTER TABLE public.attempts
        ADD CONSTRAINT attempts_time_order_chk
        CHECK (ended_at IS NULL OR ended_at >= started_at)
        NOT VALID;
    END IF;

    IF NOT EXISTS (
        SELECT 1 FROM pg_constraint
        WHERE conname = 'notifications_type_not_blank_chk'
          AND conrelid = 'public.notifications'::regclass
    ) THEN
        ALTER TABLE public.notifications
        ADD CONSTRAINT notifications_type_not_blank_chk
        CHECK (btrim(type) <> '' AND char_length(type) <= 64)
        NOT VALID;
    END IF;

    IF NOT EXISTS (
        SELECT 1 FROM pg_constraint
        WHERE conname = 'notifications_text_not_blank_chk'
          AND conrelid = 'public.notifications'::regclass
    ) THEN
        ALTER TABLE public.notifications
        ADD CONSTRAINT notifications_text_not_blank_chk
        CHECK (btrim(text) <> '' AND char_length(text) <= 2000)
        NOT VALID;
    END IF;

    IF NOT EXISTS (
        SELECT 1 FROM pg_constraint
        WHERE conname = 'achievements_name_not_blank_chk'
          AND conrelid = 'public.achievements'::regclass
    ) THEN
        ALTER TABLE public.achievements
        ADD CONSTRAINT achievements_name_not_blank_chk
        CHECK (btrim(name) <> '')
        NOT VALID;
    END IF;

    IF NOT EXISTS (
        SELECT 1 FROM pg_constraint
        WHERE conname = 'achievements_condition_not_blank_chk'
          AND conrelid = 'public.achievements'::regclass
    ) THEN
        ALTER TABLE public.achievements
        ADD CONSTRAINT achievements_condition_not_blank_chk
        CHECK (btrim(condition_text) <> '')
        NOT VALID;
    END IF;
END;
$$;

DO $$
BEGIN
    IF NOT EXISTS (
        SELECT 1 FROM pg_indexes
        WHERE schemaname = 'public'
          AND indexname = 'idx_task_executions_user_task_unique'
    ) THEN
        IF EXISTS (
            SELECT 1
            FROM public.task_executions
            GROUP BY user_id, task_id
            HAVING COUNT(*) > 1
        ) THEN
            RAISE WARNING 'Skipped unique index idx_task_executions_user_task_unique because duplicate task_executions exist.';
        ELSE
            CREATE UNIQUE INDEX idx_task_executions_user_task_unique
            ON public.task_executions (user_id, task_id);
        END IF;
    END IF;

    IF NOT EXISTS (
        SELECT 1 FROM pg_indexes
        WHERE schemaname = 'public'
          AND indexname = 'idx_question_answers_attempt_word_unique'
    ) THEN
        IF EXISTS (
            SELECT 1
            FROM public.question_answers
            GROUP BY attempt_id, word_id
            HAVING COUNT(*) > 1
        ) THEN
            RAISE WARNING 'Skipped unique index idx_question_answers_attempt_word_unique because duplicate question_answers exist.';
        ELSE
            CREATE UNIQUE INDEX idx_question_answers_attempt_word_unique
            ON public.question_answers (attempt_id, word_id);
        END IF;
    END IF;

    IF NOT EXISTS (
        SELECT 1 FROM pg_indexes
        WHERE schemaname = 'public'
          AND indexname = 'idx_achievements_condition_text_unique'
    ) THEN
        IF EXISTS (
            SELECT 1
            FROM public.achievements
            GROUP BY condition_text
            HAVING COUNT(*) > 1
        ) THEN
            RAISE WARNING 'Skipped unique index idx_achievements_condition_text_unique because duplicate achievement condition_text values exist.';
        ELSE
            CREATE UNIQUE INDEX idx_achievements_condition_text_unique
            ON public.achievements (condition_text);
        END IF;
    END IF;
END;
$$;

REVOKE ALL ON FUNCTION public.current_user_role() FROM PUBLIC;
REVOKE ALL ON FUNCTION public.current_user_group_id() FROM PUBLIC;
REVOKE ALL ON FUNCTION public.is_current_user_admin() FROM PUBLIC;
REVOKE ALL ON FUNCTION public.can_read_user(UUID) FROM PUBLIC;
REVOKE ALL ON FUNCTION public.can_manage_user(UUID) FROM PUBLIC;
REVOKE ALL ON FUNCTION public.can_read_vocabulary_set(BIGINT) FROM PUBLIC;
REVOKE ALL ON FUNCTION public.can_manage_vocabulary_set(BIGINT) FROM PUBLIC;
REVOKE ALL ON FUNCTION public.can_read_task(BIGINT) FROM PUBLIC;
REVOKE ALL ON FUNCTION public.can_manage_task(BIGINT) FROM PUBLIC;
REVOKE ALL ON FUNCTION public.can_manage_task_execution(BIGINT) FROM PUBLIC;
REVOKE ALL ON FUNCTION public.can_read_attempt(BIGINT) FROM PUBLIC;
REVOKE ALL ON FUNCTION public.can_manage_attempt(BIGINT) FROM PUBLIC;
REVOKE ALL ON FUNCTION public.is_current_user_teacher() FROM PUBLIC;
REVOKE ALL ON FUNCTION public.can_read_private_user_data(UUID) FROM PUBLIC;
REVOKE ALL ON FUNCTION public.can_manage_user_as_staff(UUID) FROM PUBLIC;
REVOKE ALL ON FUNCTION public.can_manage_task_execution_as_staff(BIGINT) FROM PUBLIC;
REVOKE ALL ON FUNCTION public.can_manage_attempt_as_staff(BIGINT) FROM PUBLIC;
REVOKE ALL ON FUNCTION public.can_read_task_execution(BIGINT) FROM PUBLIC;
REVOKE ALL ON FUNCTION public.enforce_users_update_integrity() FROM PUBLIC;

GRANT EXECUTE ON FUNCTION public.current_user_role() TO authenticated;
GRANT EXECUTE ON FUNCTION public.current_user_group_id() TO authenticated;
GRANT EXECUTE ON FUNCTION public.is_current_user_admin() TO authenticated;
GRANT EXECUTE ON FUNCTION public.can_read_user(UUID) TO authenticated;
GRANT EXECUTE ON FUNCTION public.can_manage_user(UUID) TO authenticated;
GRANT EXECUTE ON FUNCTION public.can_read_vocabulary_set(BIGINT) TO authenticated;
GRANT EXECUTE ON FUNCTION public.can_manage_vocabulary_set(BIGINT) TO authenticated;
GRANT EXECUTE ON FUNCTION public.can_read_task(BIGINT) TO authenticated;
GRANT EXECUTE ON FUNCTION public.can_manage_task(BIGINT) TO authenticated;
GRANT EXECUTE ON FUNCTION public.can_manage_task_execution(BIGINT) TO authenticated;
GRANT EXECUTE ON FUNCTION public.can_read_attempt(BIGINT) TO authenticated;
GRANT EXECUTE ON FUNCTION public.can_manage_attempt(BIGINT) TO authenticated;
GRANT EXECUTE ON FUNCTION public.is_current_user_teacher() TO authenticated;
GRANT EXECUTE ON FUNCTION public.can_read_private_user_data(UUID) TO authenticated;
GRANT EXECUTE ON FUNCTION public.can_manage_user_as_staff(UUID) TO authenticated;
GRANT EXECUTE ON FUNCTION public.can_manage_task_execution_as_staff(BIGINT) TO authenticated;
GRANT EXECUTE ON FUNCTION public.can_manage_attempt_as_staff(BIGINT) TO authenticated;
GRANT EXECUTE ON FUNCTION public.can_read_task_execution(BIGINT) TO authenticated;

COMMIT;

-- =====================================================================
-- SOURCE: supabase\seeds\20260320_full_seed.sql
-- =====================================================================

BEGIN;

-- Full seed dataset for manual MVP testing.
-- Date baseline: 2026-03-20 (UTC).
-- Requires at least 6 rows in public.users (linked to auth.users).

CREATE TEMP TABLE seed_users AS
SELECT id, row_number() OVER (ORDER BY registered_at, id) AS rn
FROM public.users
ORDER BY registered_at, id
LIMIT 8;

DO $$
DECLARE
    v_count INTEGER;
BEGIN
    SELECT count(*) INTO v_count FROM seed_users;
    IF v_count < 6 THEN
        RAISE EXCEPTION 'Need at least 6 users in public.users before applying seed. Found: %', v_count;
    END IF;
END;
$$;

-- Role ids
CREATE TEMP TABLE seed_roles AS
SELECT
    (SELECT id FROM public.roles WHERE name = 'admin' LIMIT 1) AS admin_id,
    (SELECT id FROM public.roles WHERE name = 'teacher' LIMIT 1) AS teacher_id,
    (SELECT id FROM public.roles WHERE name = 'student' LIMIT 1) AS student_id;

DO $$
DECLARE
    a BIGINT;
    t BIGINT;
    s BIGINT;
BEGIN
    SELECT admin_id, teacher_id, student_id INTO a, t, s FROM seed_roles;
    IF a IS NULL OR t IS NULL OR s IS NULL THEN
        RAISE EXCEPTION 'Missing required roles (admin/teacher/student). Run base seed migration first.';
    END IF;
END;
$$;

-- Status ids
CREATE TEMP TABLE seed_statuses AS
SELECT
    (SELECT id FROM public.statuses WHERE name = 'assigned' LIMIT 1) AS assigned_id,
    (SELECT id FROM public.statuses WHERE name = 'in_progress' LIMIT 1) AS in_progress_id,
    (SELECT id FROM public.statuses WHERE name = 'completed' LIMIT 1) AS completed_id,
    (SELECT id FROM public.statuses WHERE name = 'overdue' LIMIT 1) AS overdue_id;

DO $$
DECLARE
    a BIGINT;
    p BIGINT;
    c BIGINT;
    o BIGINT;
BEGIN
    SELECT assigned_id, in_progress_id, completed_id, overdue_id INTO a, p, c, o FROM seed_statuses;
    IF a IS NULL OR p IS NULL OR c IS NULL OR o IS NULL THEN
        RAISE EXCEPTION 'Missing required statuses (assigned/in_progress/completed/overdue).';
    END IF;
END;
$$;

-- Cleanup previous seed ranges (idempotent)
DELETE FROM public.question_answers WHERE id BETWEEN 24001 AND 24024;
DELETE FROM public.attempts WHERE id BETWEEN 23001 AND 23018;
DELETE FROM public.task_executions WHERE id BETWEEN 22001 AND 22012;
DELETE FROM public.tasks WHERE id BETWEEN 21001 AND 21012;
DELETE FROM public.set_words_link WHERE vocabulary_set_id BETWEEN 20001 AND 20008;
DELETE FROM public.vocabulary_sets WHERE id BETWEEN 20001 AND 20008;
DELETE FROM public.words WHERE id BETWEEN 19001 AND 19024;
DELETE FROM public.notification_users_link WHERE notification_id BETWEEN 26001 AND 26010;
DELETE FROM public.notifications WHERE id BETWEEN 26001 AND 26010;
DELETE FROM public.user_achievements_link WHERE achievement_id BETWEEN 27001 AND 27008;
DELETE FROM public.achievements WHERE id BETWEEN 27001 AND 27008;
DELETE FROM public.study_groups WHERE id BETWEEN 18001 AND 18006;

-- 6 study groups
INSERT INTO public.study_groups (id, name, created_at, updated_at)
VALUES
    (18001, 'Группа A1', '2026-03-20T09:00:00Z', '2026-03-20T09:00:00Z'),
    (18002, 'Группа A2', '2026-03-20T09:05:00Z', '2026-03-20T09:05:00Z'),
    (18003, 'Группа B1', '2026-03-20T09:10:00Z', '2026-03-20T09:10:00Z'),
    (18004, 'Группа B2', '2026-03-20T09:15:00Z', '2026-03-20T09:15:00Z'),
    (18005, 'Группа C1', '2026-03-20T09:20:00Z', '2026-03-20T09:20:00Z'),
    (18006, 'Группа C2', '2026-03-20T09:25:00Z', '2026-03-20T09:25:00Z')
ON CONFLICT (id) DO UPDATE
SET name = EXCLUDED.name,
    created_at = EXCLUDED.created_at,
    updated_at = EXCLUDED.updated_at;

-- Normalize first 8 users for deterministic testing
UPDATE public.users u
SET
    study_group_id = CASE
        WHEN su.rn = 1 THEN 18001
        WHEN su.rn = 2 THEN 18001
        WHEN su.rn = 3 THEN 18002
        WHEN su.rn = 4 THEN 18003
        WHEN su.rn = 5 THEN 18004
        WHEN su.rn = 6 THEN 18005
        WHEN su.rn = 7 THEN 18006
        WHEN su.rn = 8 THEN 18002
    END,
    role_id = CASE
        WHEN su.rn = 1 THEN (SELECT admin_id FROM seed_roles)
        WHEN su.rn IN (2, 3) THEN (SELECT teacher_id FROM seed_roles)
        ELSE (SELECT student_id FROM seed_roles)
    END,
    registered_at = '2026-03-20T08:00:00Z'::timestamptz + ((su.rn - 1) || ' minutes')::interval,
    updated_at = '2026-03-20T08:30:00Z'
FROM seed_users su
WHERE u.id = su.id;

-- 24 words
INSERT INTO public.words (id, russian_word, english_translation, transcription, example_sentence)
VALUES
    (19001, 'яблоко', 'apple', '[ˈæpəl]', 'I eat an apple every day.'),
    (19002, 'книга', 'book', '[bʊk]', 'This book is very useful.'),
    (19003, 'вода', 'water', '[ˈwɔːtə]', 'Drink more water.'),
    (19004, 'солнце', 'sun', '[sʌn]', 'The sun is bright today.'),
    (19005, 'школа', 'school', '[skuːl]', 'She goes to school by bus.'),
    (19006, 'дом', 'house', '[haʊs]', 'Their house is near the park.'),
    (19007, 'город', 'city', '[ˈsɪti]', 'Moscow is a big city.'),
    (19008, 'учитель', 'teacher', '[ˈtiːtʃə]', 'Our teacher is kind.'),
    (19009, 'студент', 'student', '[ˈstjuːdənt]', 'He is a medical student.'),
    (19010, 'время', 'time', '[taɪm]', 'Time is very important.'),
    (19011, 'день', 'day', '[deɪ]', 'It was a busy day.'),
    (19012, 'ночь', 'night', '[naɪt]', 'Good night and sweet dreams.'),
    (19013, 'друг', 'friend', '[frend]', 'My friend lives nearby.'),
    (19014, 'семья', 'family', '[ˈfæməli]', 'Her family is large.'),
    (19015, 'работа', 'work', '[wɜːk]', 'I start work at nine.'),
    (19016, 'вопрос', 'question', '[ˈkwestʃən]', 'Ask me a question.'),
    (19017, 'ответ', 'answer', '[ˈɑːnsə]', 'Your answer is correct.'),
    (19018, 'окно', 'window', '[ˈwɪndəʊ]', 'Open the window, please.'),
    (19019, 'дверь', 'door', '[dɔː]', 'Close the door quietly.'),
    (19020, 'машина', 'car', '[kɑː]', 'My car is new.'),
    (19021, 'улица', 'street', '[striːt]', 'The street is empty.'),
    (19022, 'магазин', 'shop', '[ʃɒp]', 'The shop opens at ten.'),
    (19023, 'еда', 'food', '[fuːd]', 'Healthy food is important.'),
    (19024, 'язык', 'language', '[ˈlæŋɡwɪdʒ]', 'English is an international language.')
ON CONFLICT (id) DO UPDATE
SET russian_word = EXCLUDED.russian_word,
    english_translation = EXCLUDED.english_translation,
    transcription = EXCLUDED.transcription,
    example_sentence = EXCLUDED.example_sentence;

-- 8 vocabulary sets
INSERT INTO public.vocabulary_sets (id, theme_name, cefr_level, created_at, user_id, updated_at)
VALUES
    (20001, 'Базовые существительные', 'A1', '2026-03-20T10:00:00Z', (SELECT id FROM seed_users WHERE rn = 2), '2026-03-20T10:00:00Z'),
    (20002, 'Учеба и школа', 'A1', '2026-03-20T10:05:00Z', (SELECT id FROM seed_users WHERE rn = 3), '2026-03-20T10:05:00Z'),
    (20003, 'Город и транспорт', 'A2', '2026-03-20T10:10:00Z', (SELECT id FROM seed_users WHERE rn = 2), '2026-03-20T10:10:00Z'),
    (20004, 'Дом и быт', 'A2', '2026-03-20T10:15:00Z', (SELECT id FROM seed_users WHERE rn = 4), '2026-03-20T10:15:00Z'),
    (20005, 'Общение', 'B1', '2026-03-20T10:20:00Z', (SELECT id FROM seed_users WHERE rn = 3), '2026-03-20T10:20:00Z'),
    (20006, 'Ежедневная рутина', 'A2', '2026-03-20T10:25:00Z', (SELECT id FROM seed_users WHERE rn = 5), '2026-03-20T10:25:00Z'),
    (20007, 'Работа и цели', 'B1', '2026-03-20T10:30:00Z', (SELECT id FROM seed_users WHERE rn = 6), '2026-03-20T10:30:00Z'),
    (20008, 'Путешествия', 'B1', '2026-03-20T10:35:00Z', (SELECT id FROM seed_users WHERE rn = 7), '2026-03-20T10:35:00Z')
ON CONFLICT (id) DO UPDATE
SET theme_name = EXCLUDED.theme_name,
    cefr_level = EXCLUDED.cefr_level,
    created_at = EXCLUDED.created_at,
    user_id = EXCLUDED.user_id,
    updated_at = EXCLUDED.updated_at;

-- 24 links (3 words per set)
INSERT INTO public.set_words_link (vocabulary_set_id, word_id)
VALUES
    (20001, 19001), (20001, 19002), (20001, 19003),
    (20002, 19005), (20002, 19008), (20002, 19009),
    (20003, 19007), (20003, 19020), (20003, 19021),
    (20004, 19006), (20004, 19018), (20004, 19019),
    (20005, 19013), (20005, 19016), (20005, 19017),
    (20006, 19010), (20006, 19011), (20006, 19012),
    (20007, 19014), (20007, 19015), (20007, 19024),
    (20008, 19004), (20008, 19022), (20008, 19023)
ON CONFLICT (vocabulary_set_id, word_id) DO NOTHING;

-- 12 tasks
INSERT INTO public.tasks (
    id,
    deadline,
    start_date,
    translate_to_russian,
    available_after_end,
    attempts_count,
    vocabulary_set_id,
    updated_at
)
VALUES
    (21001, '2026-03-20T20:00:00Z', '2026-03-20T11:00:00Z', false, true, 2, 20001, '2026-03-20T11:00:00Z'),
    (21002, '2026-03-20T20:10:00Z', '2026-03-20T11:10:00Z', true,  true, 2, 20002, '2026-03-20T11:10:00Z'),
    (21003, '2026-03-20T20:20:00Z', '2026-03-20T11:20:00Z', false, true, 3, 20003, '2026-03-20T11:20:00Z'),
    (21004, '2026-03-20T20:30:00Z', '2026-03-20T11:30:00Z', true,  true, 2, 20004, '2026-03-20T11:30:00Z'),
    (21005, '2026-03-20T20:40:00Z', '2026-03-20T11:40:00Z', false, true, 2, 20005, '2026-03-20T11:40:00Z'),
    (21006, '2026-03-20T20:50:00Z', '2026-03-20T11:50:00Z', true,  true, 2, 20006, '2026-03-20T11:50:00Z'),
    (21007, '2026-03-20T21:00:00Z', '2026-03-20T12:00:00Z', false, true, 3, 20007, '2026-03-20T12:00:00Z'),
    (21008, '2026-03-20T21:10:00Z', '2026-03-20T12:10:00Z', true,  true, 2, 20008, '2026-03-20T12:10:00Z'),
    (21009, '2026-03-20T21:20:00Z', '2026-03-20T12:20:00Z', false, false, 1, 20001, '2026-03-20T12:20:00Z'),
    (21010, '2026-03-20T21:30:00Z', '2026-03-20T12:30:00Z', true,  false, 1, 20002, '2026-03-20T12:30:00Z'),
    (21011, '2026-03-20T21:40:00Z', '2026-03-20T12:40:00Z', false, false, 1, 20003, '2026-03-20T12:40:00Z'),
    (21012, '2026-03-20T21:50:00Z', '2026-03-20T12:50:00Z', true,  false, 1, 20004, '2026-03-20T12:50:00Z')
ON CONFLICT (id) DO UPDATE
SET deadline = EXCLUDED.deadline,
    start_date = EXCLUDED.start_date,
    translate_to_russian = EXCLUDED.translate_to_russian,
    available_after_end = EXCLUDED.available_after_end,
    attempts_count = EXCLUDED.attempts_count,
    vocabulary_set_id = EXCLUDED.vocabulary_set_id,
    updated_at = EXCLUDED.updated_at;

-- 12 task executions (unique by user/task)
INSERT INTO public.task_executions (id, status_id, user_id, task_id, updated_at)
VALUES
    (22001, (SELECT completed_id   FROM seed_statuses), (SELECT id FROM seed_users WHERE rn = 4), 21001, '2026-03-20T13:00:00Z'),
    (22002, (SELECT in_progress_id FROM seed_statuses), (SELECT id FROM seed_users WHERE rn = 5), 21002, '2026-03-20T13:05:00Z'),
    (22003, (SELECT assigned_id    FROM seed_statuses), (SELECT id FROM seed_users WHERE rn = 6), 21003, '2026-03-20T13:10:00Z'),
    (22004, (SELECT completed_id   FROM seed_statuses), (SELECT id FROM seed_users WHERE rn = 7), 21004, '2026-03-20T13:15:00Z'),
    (22005, (SELECT overdue_id     FROM seed_statuses), (SELECT id FROM seed_users WHERE rn = 8), 21005, '2026-03-20T13:20:00Z'),
    (22006, (SELECT in_progress_id FROM seed_statuses), (SELECT id FROM seed_users WHERE rn = 4), 21006, '2026-03-20T13:25:00Z'),
    (22007, (SELECT assigned_id    FROM seed_statuses), (SELECT id FROM seed_users WHERE rn = 5), 21007, '2026-03-20T13:30:00Z'),
    (22008, (SELECT completed_id   FROM seed_statuses), (SELECT id FROM seed_users WHERE rn = 6), 21008, '2026-03-20T13:35:00Z'),
    (22009, (SELECT completed_id   FROM seed_statuses), (SELECT id FROM seed_users WHERE rn = 7), 21009, '2026-03-20T13:40:00Z'),
    (22010, (SELECT in_progress_id FROM seed_statuses), (SELECT id FROM seed_users WHERE rn = 8), 21010, '2026-03-20T13:45:00Z'),
    (22011, (SELECT assigned_id    FROM seed_statuses), (SELECT id FROM seed_users WHERE rn = 4), 21011, '2026-03-20T13:50:00Z'),
    (22012, (SELECT completed_id   FROM seed_statuses), (SELECT id FROM seed_users WHERE rn = 5), 21012, '2026-03-20T13:55:00Z')
ON CONFLICT (id) DO UPDATE
SET status_id = EXCLUDED.status_id,
    user_id = EXCLUDED.user_id,
    task_id = EXCLUDED.task_id,
    updated_at = EXCLUDED.updated_at;

-- 18 attempts
INSERT INTO public.attempts (id, started_at, ended_at, task_execution_id, updated_at)
VALUES
    (23001, '2026-03-20T14:00:00Z', '2026-03-20T14:05:00Z', 22001, '2026-03-20T14:05:00Z'),
    (23002, '2026-03-20T14:06:00Z', '2026-03-20T14:10:00Z', 22002, '2026-03-20T14:10:00Z'),
    (23003, '2026-03-20T14:11:00Z', '2026-03-20T14:14:00Z', 22002, '2026-03-20T14:14:00Z'),
    (23004, '2026-03-20T14:15:00Z', '2026-03-20T14:20:00Z', 22004, '2026-03-20T14:20:00Z'),
    (23005, '2026-03-20T14:21:00Z', '2026-03-20T14:25:00Z', 22005, '2026-03-20T14:25:00Z'),
    (23006, '2026-03-20T14:26:00Z', '2026-03-20T14:30:00Z', 22006, '2026-03-20T14:30:00Z'),
    (23007, '2026-03-20T14:31:00Z', '2026-03-20T14:35:00Z', 22006, '2026-03-20T14:35:00Z'),
    (23008, '2026-03-20T14:36:00Z', '2026-03-20T14:40:00Z', 22008, '2026-03-20T14:40:00Z'),
    (23009, '2026-03-20T14:41:00Z', '2026-03-20T14:45:00Z', 22009, '2026-03-20T14:45:00Z'),
    (23010, '2026-03-20T14:46:00Z', '2026-03-20T14:50:00Z', 22010, '2026-03-20T14:50:00Z'),
    (23011, '2026-03-20T14:51:00Z', '2026-03-20T14:55:00Z', 22012, '2026-03-20T14:55:00Z'),
    (23012, '2026-03-20T14:56:00Z', '2026-03-20T15:00:00Z', 22012, '2026-03-20T15:00:00Z'),
    (23013, '2026-03-20T15:01:00Z', '2026-03-20T15:05:00Z', 22001, '2026-03-20T15:05:00Z'),
    (23014, '2026-03-20T15:06:00Z', '2026-03-20T15:10:00Z', 22004, '2026-03-20T15:10:00Z'),
    (23015, '2026-03-20T15:11:00Z', '2026-03-20T15:15:00Z', 22008, '2026-03-20T15:15:00Z'),
    (23016, '2026-03-20T15:16:00Z', '2026-03-20T15:20:00Z', 22009, '2026-03-20T15:20:00Z'),
    (23017, '2026-03-20T15:21:00Z', '2026-03-20T15:25:00Z', 22010, '2026-03-20T15:25:00Z'),
    (23018, '2026-03-20T15:26:00Z', '2026-03-20T15:30:00Z', 22005, '2026-03-20T15:30:00Z')
ON CONFLICT (id) DO UPDATE
SET started_at = EXCLUDED.started_at,
    ended_at = EXCLUDED.ended_at,
    task_execution_id = EXCLUDED.task_execution_id,
    updated_at = EXCLUDED.updated_at;

-- 24 question answers (unique attempt_id + word_id)
INSERT INTO public.question_answers (id, entered_answer, is_correct, attempt_id, word_id, updated_at)
VALUES
    (24001, 'apple', true, 23001, 19001, '2026-03-20T16:00:00Z'),
    (24002, 'book', true, 23001, 19002, '2026-03-20T16:01:00Z'),
    (24003, 'water', false, 23002, 19003, '2026-03-20T16:02:00Z'),
    (24004, 'school', true, 23002, 19005, '2026-03-20T16:03:00Z'),
    (24005, 'teacher', true, 23003, 19008, '2026-03-20T16:04:00Z'),
    (24006, 'student', true, 23003, 19009, '2026-03-20T16:05:00Z'),
    (24007, 'city', true, 23004, 19007, '2026-03-20T16:06:00Z'),
    (24008, 'car', false, 23004, 19020, '2026-03-20T16:07:00Z'),
    (24009, 'house', true, 23005, 19006, '2026-03-20T16:08:00Z'),
    (24010, 'window', true, 23005, 19018, '2026-03-20T16:09:00Z'),
    (24011, 'door', true, 23006, 19019, '2026-03-20T16:10:00Z'),
    (24012, 'friend', false, 23006, 19013, '2026-03-20T16:11:00Z'),
    (24013, 'question', true, 23007, 19016, '2026-03-20T16:12:00Z'),
    (24014, 'answer', true, 23007, 19017, '2026-03-20T16:13:00Z'),
    (24015, 'day', true, 23008, 19011, '2026-03-20T16:14:00Z'),
    (24016, 'night', true, 23008, 19012, '2026-03-20T16:15:00Z'),
    (24017, 'family', true, 23009, 19014, '2026-03-20T16:16:00Z'),
    (24018, 'work', false, 23009, 19015, '2026-03-20T16:17:00Z'),
    (24019, 'language', true, 23010, 19024, '2026-03-20T16:18:00Z'),
    (24020, 'shop', true, 23010, 19022, '2026-03-20T16:19:00Z'),
    (24021, 'food', true, 23011, 19023, '2026-03-20T16:20:00Z'),
    (24022, 'sun', true, 23011, 19004, '2026-03-20T16:21:00Z'),
    (24023, 'time', true, 23012, 19010, '2026-03-20T16:22:00Z'),
    (24024, 'street', true, 23012, 19021, '2026-03-20T16:23:00Z')
ON CONFLICT (id) DO UPDATE
SET entered_answer = EXCLUDED.entered_answer,
    is_correct = EXCLUDED.is_correct,
    attempt_id = EXCLUDED.attempt_id,
    word_id = EXCLUDED.word_id,
    updated_at = EXCLUDED.updated_at;

-- 10 notifications
INSERT INTO public.notifications (id, sent_at, type, text, updated_at)
VALUES
    (26001, '2026-03-20T17:00:00Z', 'teacher_message', 'Проверьте новый словарь по теме школа.', '2026-03-20T17:00:00Z'),
    (26002, '2026-03-20T17:05:00Z', 'deadline', 'Срок задания 21003 до 20:20.', '2026-03-20T17:05:00Z'),
    (26003, '2026-03-20T17:10:00Z', 'achievement_awarded', 'Вы получили достижение: Первое задание.', '2026-03-20T17:10:00Z'),
    (26004, '2026-03-20T17:15:00Z', 'teacher_message', 'Добавлены примеры к словам из набора A2.', '2026-03-20T17:15:00Z'),
    (26005, '2026-03-20T17:20:00Z', 'deadline', 'Срок задания 21008 до 21:10.', '2026-03-20T17:20:00Z'),
    (26006, '2026-03-20T17:25:00Z', 'system', 'Ваш прогресс синхронизирован.', '2026-03-20T17:25:00Z'),
    (26007, '2026-03-20T17:30:00Z', 'teacher_message', 'Сегодня мини-тест в 19:00.', '2026-03-20T17:30:00Z'),
    (26008, '2026-03-20T17:35:00Z', 'achievement_awarded', 'Вы получили достижение: 10 правильных ответов.', '2026-03-20T17:35:00Z'),
    (26009, '2026-03-20T17:40:00Z', 'system', 'Новые задания доступны в разделе обучения.', '2026-03-20T17:40:00Z'),
    (26010, '2026-03-20T17:45:00Z', 'deadline', 'Не забудьте завершить задания до конца дня.', '2026-03-20T17:45:00Z')
ON CONFLICT (id) DO UPDATE
SET sent_at = EXCLUDED.sent_at,
    type = EXCLUDED.type,
    text = EXCLUDED.text,
    updated_at = EXCLUDED.updated_at;

-- 10 notification links
INSERT INTO public.notification_users_link (notification_id, user_id)
VALUES
    (26001, (SELECT id FROM seed_users WHERE rn = 4)),
    (26002, (SELECT id FROM seed_users WHERE rn = 5)),
    (26003, (SELECT id FROM seed_users WHERE rn = 4)),
    (26004, (SELECT id FROM seed_users WHERE rn = 6)),
    (26005, (SELECT id FROM seed_users WHERE rn = 7)),
    (26006, (SELECT id FROM seed_users WHERE rn = 8)),
    (26007, (SELECT id FROM seed_users WHERE rn = 5)),
    (26008, (SELECT id FROM seed_users WHERE rn = 6)),
    (26009, (SELECT id FROM seed_users WHERE rn = 7)),
    (26010, (SELECT id FROM seed_users WHERE rn = 8))
ON CONFLICT (notification_id, user_id) DO NOTHING;

-- 8 achievements (seed-specific)
INSERT INTO public.achievements (id, name, description, condition_text, updated_at)
VALUES
    (27001, 'Первые 5 слов', 'Изучите 5 слов без ошибок.', 'seed_words_5', '2026-03-20T18:00:00Z'),
    (27002, 'Первые 20 слов', 'Изучите 20 слов.', 'seed_words_20', '2026-03-20T18:05:00Z'),
    (27003, 'Три задания', 'Завершите 3 задания.', 'seed_tasks_3', '2026-03-20T18:10:00Z'),
    (27004, 'Шесть заданий', 'Завершите 6 заданий.', 'seed_tasks_6', '2026-03-20T18:15:00Z'),
    (27005, 'Серия 2 дня', 'Учитесь 2 дня подряд.', 'seed_streak_2', '2026-03-20T18:20:00Z'),
    (27006, 'Серия 5 дней', 'Учитесь 5 дней подряд.', 'seed_streak_5', '2026-03-20T18:25:00Z'),
    (27007, 'Точность 80%', 'Держите точность 80% на 3 сессиях.', 'seed_accuracy_80_3', '2026-03-20T18:30:00Z'),
    (27008, 'Точность 90%', 'Держите точность 90% на 5 сессиях.', 'seed_accuracy_90_5', '2026-03-20T18:35:00Z')
ON CONFLICT (id) DO UPDATE
SET name = EXCLUDED.name,
    description = EXCLUDED.description,
    condition_text = EXCLUDED.condition_text,
    updated_at = EXCLUDED.updated_at;

-- 12 user-achievement links
INSERT INTO public.user_achievements_link (user_id, achievement_id, received_at)
VALUES
    ((SELECT id FROM seed_users WHERE rn = 4), 27001, '2026-03-20T18:40:00Z'),
    ((SELECT id FROM seed_users WHERE rn = 4), 27003, '2026-03-20T18:41:00Z'),
    ((SELECT id FROM seed_users WHERE rn = 5), 27001, '2026-03-20T18:42:00Z'),
    ((SELECT id FROM seed_users WHERE rn = 5), 27005, '2026-03-20T18:43:00Z'),
    ((SELECT id FROM seed_users WHERE rn = 6), 27002, '2026-03-20T18:44:00Z'),
    ((SELECT id FROM seed_users WHERE rn = 6), 27007, '2026-03-20T18:45:00Z'),
    ((SELECT id FROM seed_users WHERE rn = 7), 27003, '2026-03-20T18:46:00Z'),
    ((SELECT id FROM seed_users WHERE rn = 7), 27006, '2026-03-20T18:47:00Z'),
    ((SELECT id FROM seed_users WHERE rn = 8), 27001, '2026-03-20T18:48:00Z'),
    ((SELECT id FROM seed_users WHERE rn = 8), 27004, '2026-03-20T18:49:00Z'),
    ((SELECT id FROM seed_users WHERE rn = 8), 27008, '2026-03-20T18:50:00Z'),
    ((SELECT id FROM seed_users WHERE rn = 5), 27004, '2026-03-20T18:51:00Z')
ON CONFLICT (user_id, achievement_id) DO UPDATE
SET received_at = EXCLUDED.received_at;

DROP TABLE IF EXISTS seed_users;
DROP TABLE IF EXISTS seed_roles;
DROP TABLE IF EXISTS seed_statuses;

COMMIT;
